"date","obs_gdp","obs_hours","obs_wages","obs_gdpdeflator","obs_corepce","obs_nominalrate","obs_consumption","obs_investment","obs_spread","obs_longinflation","obs_longrate","obs_tfp"
"1959-06-30",1.8781525342861594,NaN,0.53736441155476378,0.27885918262344767,0.50974283460711867,0.76057692300000002,1.2757108828864716,2.8173387262532046,0.174166667,NaN,NaN,1.2948265429608719
"1959-09-30",-0.59288822755343418,NaN,0.17721682086513368,0.4110586190384069,0.64757947960467632,0.88920454500000001,0.83883411852461176,0.54745981339733296,0.15333333299999999,NaN,NaN,-1.2424868898749495
"1959-12-31",0.020189443265539175,NaN,0.57356744232062162,0.3863569088217389,0.57088642203204643,0.997159091,-0.1054943204871206,-1.7236252970226351,0.17249999999999999,NaN,NaN,-0.29774443561208241
"1960-03-31",2.0396090273228751,NaN,1.9318033205253826,0.20123623292418458,0.32317407076414284,0.97596153799999996,0.52659794210410116,2.8878834304305823,0.20583333300000001,NaN,NaN,2.8529908585055646
"1960-06-30",-0.84020319373176999,NaN,0.26867580714480255,0.36120785768036789,0.38311032117239741,0.90865384599999999,1.0499161013691971,-2.3845900760846694,0.24666666700000001,NaN,NaN,-2.9383568350959655
"1960-09-30",-0.21226546429025106,NaN,0.14987127816987744,0.45110711759730471,0.40372811523439189,0.71875,-0.83854122203981252,-2.9872546518168175,0.3175,NaN,NaN,-0.85502350176263198
"1960-12-31",-1.7171253879989079,NaN,-0.00070588347327316114,0.44908127657485863,0.33061524494826244,0.56442307700000005,-0.24589250314315247,-1.1817153708972294,0.30249999999999999,NaN,NaN,-1.6412553858206032
"1961-03-31",0.40371934462730685,NaN,0.75275539155237325,0.11337226995191685,0.17039056531276131,0.49376923099999998,-0.32010433139504357,-1.5857930802526399,0.31916666700000001,NaN,NaN,0.25367215041128116
"1961-06-30",1.5093123552953447,NaN,1.185288165446563,0.20940045570028154,0.32896570047262763,0.42788461500000002,0.89643058486175153,1.1403098883297491,0.306666667,NaN,NaN,3.4058460634547596
"1961-09-30",1.3323534898700196,NaN,0.51812231065238024,0.22024574765024951,0.44239401461467764,0.43269230800000003,0.27253117334771204,1.8143940176071682,0.28166666699999998,NaN,NaN,0.91549085850556478
"1961-12-31",1.7269332703488516,NaN,0.49630962689457547,0.23664649312902242,0.25036751770981525,0.59423076900000005,1.4837058126180303,2.4336040192815878,0.28499999999999998,NaN,NaN,1.3199026232114472
"1962-03-31",1.4374298638603733,NaN,1.0744774129938683,0.50522168764253195,0.37437986268491485,0.60576923100000002,0.61910296830338662,1.176159873029381,0.26166666700000002,NaN,NaN,0.18387321144674118
"1962-06-30",0.59100100363562724,NaN,0.39545298499921167,0.27399575393562969,0.38377388255486089,0.65288461499999995,0.92817047909625749,2.2444765718800719,0.28499999999999998,NaN,NaN,0.095637917329094116
"1962-09-30",0.54813665255935007,NaN,0.45399256364944129,0.23425745555685218,0.31241609035910223,0.71153846200000004,0.458601954815685,0.15697762928057468,0.26416666700000002,NaN,NaN,0.97063791732909421
"1962-12-31",-0.035529244658927261,NaN,0.69200827931306108,0.23370997227267765,0.17731930171991372,0.731856061,1.0949055433634669,-1.0437643621632464,0.263333333,NaN,NaN,0.98534379968203534
"1963-03-31",0.69001151041607756,NaN,0.49776730212420794,0.48791403070156392,0.32694655949510043,0.73886718799999995,0.092762925625300419,0.43786720530827328,0.25,NaN,NaN,-0.070845098830173175
"1963-06-30",0.99664551121736444,NaN,0.42316620949169881,0.077403663951969293,0.35787768880339854,0.73850000000000005,0.64290791359524757,3.7658785841041209,0.2225,NaN,NaN,0.78363251311012538
"1963-09-30",1.5910060895863332,NaN,0.91672312363435537,0.099431041722253255,0.37253901521068222,0.82492424200000003,1.3541773763702691,1.6694875544712495,0.200833333,NaN,NaN,1.8246772892295284
"1963-12-31",0.47564412367850917,NaN,0.49552682337012932,0.65487398005554809,0.4875214997569266,0.85893939399999997,0.17847414154230634,2.1520400849832866,0.17999999999999999,NaN,NaN,-0.18278539733763588
"1964-03-31",1.7038859649079585,-44.646094592186891,-0.4555266234986366,0.37776180260475911,0.4325357518876416,0.86253846199999995,1.6735046766124695,2.3311239360844893,0.16250000000000001,NaN,NaN,1.1567668414683343
"1964-06-30",0.75832455514861508,-43.361320099930012,0.80513216274096244,0.30009571014222303,0.31006147235936865,0.87076923100000003,1.2947239571862834,0.080145239239903798,0.16250000000000001,NaN,NaN,0.23512505042355819
"1964-09-30",0.87145846734835164,-43.883763352744332,0.79952571730705913,0.49997386906444063,0.29340899179914892,0.859848485,1.281578585625387,0.80646335082745768,0.1575,NaN,NaN,0.79482654296087174
"1964-12-31",0.0027614025750022364,-43.668361694001057,0.31848893938084544,0.42733951923938918,0.26124681768875391,0.88314393899999999,-0.18868239043081658,1.1252458737234239,0.15916666700000001,NaN,NaN,-0.67532271077047179
"1965-03-31",2.1297343640285904,-43.10134243285848,-0.043965016171165772,0.43089585145308362,0.36980171833826958,0.98894531299999999,1.7210074648146723,3.6401626697001976,0.14583333300000001,NaN,NaN,2.0795966420966425
"1965-06-30",0.98409480879688704,-42.468807655774299,0.21239565961104212,0.46115154918129342,0.30626305441034951,1.0158076920000001,0.75617363580293695,2.163445254275731,0.15333333299999999,NaN,NaN,-0.26131244881244858
"1965-09-30",1.5689930606096247,-42.523662821044717,0.5903151166510856,0.45903469981758427,0.31049497103889934,1.013295455,1.2501555450362467,1.99649793125799,0.16083333299999999,NaN,NaN,1.7917178542178547
"1965-12-31",1.9855587459499224,-42.258148039029031,0.82817617414479017,0.64759502292410787,0.33013544892024349,1.0373106059999999,2.0594882619450638,2.4453932711144599,0.123333333,NaN,NaN,1.6553542178542184
"1966-03-31",2.0954173295159029,-41.893137179199336,1.0980908205790563,0.6118807992296027,0.50854097011114874,1.130664063,1.2541662329408787,2.2103095207958612,0.099166667,NaN,NaN,1.8371723996724001
"1966-06-30",-0.048821312776325954,-41.948148348089731,0.67509336686297772,0.90564681297125027,0.81137382840283934,1.2196538459999999,-0.21243358982718785,-0.59452715820484947,0.17749999999999999,NaN,NaN,-1.397676085176085
"1966-09-30",0.40820991817578367,-42.170455730255085,0.53544938217582327,0.88202294342072385,0.8300482923633723,1.3322727270000001,0.6316555843621563,-1.1863999422326188,0.181666667,NaN,NaN,-0.86935256151674034
"1966-12-31",0.50023894671193947,-41.9543631319927,0.53080861341081587,0.81796890974570324,0.86819605387611354,1.3807692309999999,-0.014146394149383568,-2.6606494200352881,0.28333333300000002,NaN,NaN,-0.074576442113755276
"1967-03-31",0.51088399169891829,-43.158680988648079,0.92123165248536587,0.41924495172023235,0.55310702335842343,1.195192308,0.062507868798999944,-2.3675200659210915,0.32416666700000002,NaN,NaN,-0.26487494957644186
"1967-06-30",-0.39133559709156884,-43.589406810809805,1.0128337386540398,0.59516415476590367,0.6636644635533262,0.99246153800000003,0.8356954015942275,1.9467506362219056,0.28999999999999998,NaN,NaN,0.20154296087131934
"1967-09-30",0.50640551742231477,-43.036100182906445,0.45493465345338713,0.89369709460913604,0.89929105532347009,0.972307692,0.1195225461642524,0.51435624962290483,0.27083333300000001,NaN,NaN,-0.3730839048003225
"1967-12-31",0.394628667481145,-42.778503217907549,0.25932411859783677,1.0898473117669116,0.99789082255581363,1.0398846150000001,-0.04045211826049222,2.603360549040501,0.27000000000000002,NaN,NaN,-0.044725695845098563
"1968-03-31",1.6002742590408126,-43.616527605798439,1.5659987446771328,1.0879347736764799,1.1174376942708175,1.1908076919999999,1.8876102636811831,1.8108622995657297,0.30499999999999999,NaN,NaN,1.9067668414683343
"1968-06-30",1.186564828817227,-42.926093776866026,0.49675379093732097,1.1102801687140396,1.1524485851954314,1.490346154,0.98411968400191618,-0.84923914743997297,0.32000000000000001,NaN,NaN,0.79855788624445379
"1968-09-30",0.29429426597471497,-43.169563446327963,0.66672120077457819,0.95847379129874177,1.1159095951784881,1.4839393940000001,1.4879058548443291,0.71671945066820175,0.35083333300000002,NaN,NaN,0.018432034976152867
"1968-12-31",0.012192123000209776,-43.454494489670381,0.58837098515045483,1.3874492972250962,1.1591499104947722,1.4655681819999999,-0.28151268128528972,2.6524558772823892,0.31416666700000001,NaN,NaN,-0.74627384737678837
"1969-03-31",1.1091418785475149,-42.95998604990281,0.347020093086714,1.0022302961889995,1.1046784526557829,1.622070313,0.62617822991921646,2.3995002808811061,0.29999999999999999,NaN,NaN,-0.57715620031796477
"1969-06-30",-0.19278663404926899,-42.867391928659515,0.29225198792453,1.3131336609317756,1.2012156448003797,2.0393076919999999,0.12790591822369191,-0.18440512254341845,0.30833333299999999,NaN,NaN,-0.76082060321190748
"1969-09-30",0.11573609583679367,-42.915430520423214,0.3605842684993199,1.4151940615712899,1.1511953736641711,2.2149999999999999,-0.19613378051952512,0.45673733155564555,0.26500000000000001,NaN,NaN,-0.46734234234234207
"1969-12-31",-0.89872953420742085,-42.961783800242337,0.67095762975255546,1.2418564310178404,1.1734511039449114,2.2012499999999999,0.21694597355923495,-2.6986109541779268,0.26916666700000003,NaN,NaN,-1.3749517374517373
"1970-03-31",-0.65397341595474501,-43.743454430897621,0.42114919080904478,1.3694231290725778,1.0811866407623771,2.1163281249999999,-0.11144212900706663,-1.5752982022977591,0.34749999999999998,NaN,NaN,-1.1785231660231659
"1970-06-30",-0.3881155185767371,-45.252575097636871,0.14698287483247974,1.4344780442048233,1.1258296305893367,1.9570000000000001,-0.388222188665166,-1.891416109994426,0.31583333299999999,NaN,NaN,0.15145603349828729
"1970-09-30",0.36420438068174299,-45.894151470970179,0.8186144075806645,0.81429396622274552,1.1090209952667074,1.670909091,0.50464376872787486,0.091360066358237013,0.48749999999999999,NaN,NaN,1.2077940616673015
"1970-12-31",-1.5547311625972338,-46.846799220461754,-0.31159539838618855,1.2952595042147852,1.3923899445269505,1.384393939,-0.81652443309703227,-0.71065596529292785,0.60583333299999997,NaN,NaN,-1.8749517374517373
"1971-03-31",2.0960427837338758,-47.384974081628073,0.52572619463098214,1.5163778586205545,1.2609345375398817,0.96917968799999998,0.77976714443483974,1.6788159056263408,0.62833333300000005,NaN,NaN,2.8964768339768345
"1971-06-30",0.001922525097941552,-47.53317183599286,0.12670675464372394,1.330714040057801,1.1341650611149223,1.145307692,0.16824308883012229,3.2365369898366136,0.58999999999999997,NaN,NaN,-0.25357422640031313
"1971-09-30",0.23083225531987939,-47.573188052408533,0.36168064831110236,1.0031092832128774,0.9381277707979141,1.3667803030000001,0.21452544513744787,1.298547378173065,0.55500000000000005,NaN,NaN,0.84425186055620871
"1971-12-31",-0.25617307646377263,-46.777460648277192,-0.13461739475384427,0.82077547244687743,0.57327716923696315,1.1789393939999999,0.88986714634482489,2.1054706825297753,0.630833333,NaN,NaN,-0.49270466118292183
"1972-03-31",1.1372291867755457,-46.024918865491848,1.0254445294575643,1.617571480597535,0.95625009972115649,0.892846154,0.18079264449424315,3.2129193675923817,0.55000000000000004,NaN,NaN,0.8406286721504117
"1972-06-30",1.7414118648497068,-45.861727591560886,0.5720184319701449,0.60040879096181499,0.68032918080898064,1.076192308,1.3150579526144401,1.2446744776909546,0.52000000000000002,NaN,NaN,1.8768605562083827
"1972-09-30",0.41210904089930001,-45.808663821213713,0.44816074031124309,0.87997047972581122,0.75097204026857156,1.183807692,0.97264693062959484,0.68222871124459239,0.46999999999999997,NaN,NaN,0.50729533881707822
"1972-12-31",1.23458399230576,-45.515488516157987,0.73611553207673097,1.1206928500083535,0.62743137388308057,1.287346154,1.4578299333452671,3.9950414971458574,0.40500000000000003,NaN,NaN,1.9638170779475133
"1973-03-31",1.7638237245164445,-45.060432416183183,1.3204186188832345,1.2755973721819025,0.69776841319431071,1.626461538,1.1906102740969704,3.0478340245734534,0.34083333300000002,NaN,NaN,1.7717880924402667
"1973-06-30",0.46224465020713312,-44.47482476554967,-0.24570604419142938,1.627431699394144,1.3579785001351041,1.953538462,-0.30518874005833752,0.33604646138393757,0.32166666700000002,NaN,NaN,-0.61951625538582045
"1973-09-30",-1.051553817891937,-44.482201805344879,-0.13214768324480985,1.853273439093206,1.3207703050504005,2.6430384619999998,-0.22746470297996257,-0.57358904435599878,0.315,NaN,NaN,-2.0506756756756754
"1973-12-31",0.6462738426816883,-44.237056133505703,0.28368938252119058,1.7162530598365144,1.3861047150035333,2.493257576,-0.51568852188168535,-1.7459577966421447,0.42083333299999998,NaN,NaN,-0.26780888030888006
"1974-03-31",-1.5020026558535959,-44.678168056682033,0.23873511462615404,2.0170224876490561,1.6995890615669751,2.3321093749999999,-0.497637178928656,-2.5902605705673154,0.3725,NaN,NaN,-3.16780888030888
"1974-06-30",-0.13169036456179839,-45.428945471988236,0.37072515859488675,2.2109439931406794,2.4550495458631527,2.795576923,0.40253478116241137,-1.1114715686422971,0.38,NaN,NaN,-1.2856660231660231
"1974-09-30",-1.6429818871726898,-45.670736490732011,-0.077235800093511386,3.0044430371909847,2.8238839858983233,3.022613636,-0.45700688993690619,-1.4727191929219674,0.46250000000000002,NaN,NaN,-2.0392374517374514
"1974-12-31",-1.0074261346039837,-47.580550916017472,-0.26793259550106363,2.9901436247121715,2.4156682200703106,2.3271212120000002,-2.4836706964690425,-5.218912723836489,0.72499999999999998,NaN,NaN,-1.2213803088803088
"1975-03-31",-1.717410562208288,-50.266655606307609,0.74957942732369887,2.2342511743427718,1.9443037546036823,1.5646875,-0.054074248084190479,-5.3098958754383858,0.77666666699999998,NaN,NaN,-0.15574813944379134
"1975-06-30",0.28924208773839499,-50.896942479355367,0.66703033450639104,1.4493945090643834,1.5187809595452961,1.3551538460000001,0.91182787227983564,-0.82356247226501589,0.64500000000000002,NaN,NaN,1.5110790937996823
"1975-09-30",1.1400910035463507,-49.998345549998824,-0.016420312202169995,1.7637590705958051,1.4928093370591977,1.5361363640000001,1.0034196327070477,1.3229768564960387,0.57166666700000002,NaN,NaN,1.6691673290938003
"1975-12-31",0.84472418040644204,-49.800087470667975,-0.03180180358079987,1.6525163229537565,1.6148358191750312,1.349734848,0.56928507827038732,1.2788967345560232,0.62916666700000001,NaN,NaN,0.12137321144674112
"1976-03-31",1.7010128038030592,-48.743076045309941,0.81350635259322956,1.0713450932916757,1.5104685218496616,1.2053461539999999,1.5192475393928762,3.3862180546612386,0.62583333299999999,NaN,NaN,1.9375496820349765
"1976-06-30",0.27716501054910747,-48.571820140657707,0.87342502833407387,0.99615808784427884,1.1896702830802131,1.3002307689999999,0.26663400116002656,1.9082247379590522,0.53166666699999998,NaN,NaN,0.24269674085850587
"1976-09-30",0.042657164969561734,-48.502392718911125,0.81138963688274224,1.2689375379725476,1.5502271357312303,1.3216666669999999,0.81353407639723763,0.75196595936316557,0.47249999999999998,NaN,NaN,-0.22789149443561182
"1976-12-31",0.36135108600201526,-48.89381099577399,0.44884073916842127,1.6642985039792446,1.5476843277656194,1.2186742420000001,0.72530574519547031,4.0382809737873506,0.505833333,NaN,NaN,-0.1139209062003177
"1977-03-31",0.69082004326490587,-48.674007061977065,0.2761233436070043,1.5905664926470386,1.6517925451645432,1.169453125,0.86529549488614244,3.4107671259401897,0.43833333299999999,NaN,NaN,0.22393102057281189
"1977-06-30",1.3151892285479527,-47.245500921457406,0.4535037807717579,1.5599410942633618,1.5197771383051339,1.290192308,0.21841224215675137,4.8789715848756128,0.40666666699999998,NaN,NaN,1.014975796692215
"1977-09-30",1.1354371875344271,-47.172220975398282,0.55129983360719947,1.3780780391855707,1.6552781804419325,1.4558712119999999,0.60725237927339304,1.6384483579016174,0.36833333299999999,NaN,NaN,1.4515429608713195
"1977-12-31",0.031799811065957861,-46.305198512781764,0.04803933640742386,1.6706465152517946,1.4584632406213327,1.6294999999999999,0.7901621968643413,1.6874031387575539,0.33666666699999998,NaN,NaN,-1.5820391286809197
"1978-03-31",-0.28206878597877294,-46.717509873658969,1.6621380848949041,1.6595721530999086,1.5770492840782691,1.6941153849999999,0.11706677839948831,0.63971076355308076,0.296666667,NaN,NaN,-1.014874949576442
"1978-06-30",3.2895193905390641,-45.067563080183426,-0.81352005355364021,1.8952916090628324,1.7226788149744099,1.824384615,1.8102747396891106,6.3145407494978043,0.28749999999999998,NaN,NaN,2.4515429608713193
"1978-09-30",0.46950691766501906,-44.921791897715657,-0.22076149763634589,1.7232421116736951,1.7069806439705904,2.0251538459999998,0.00026062921796299321,2.4575702369389827,0.2525,NaN,NaN,-0.55142090620031781
"1978-12-31",0.96915803507245935,-44.598920461555913,0.31076500472653201,2.0118990964270722,1.778988099096912,2.3923076920000002,0.22782319735898948,1.7251142328861324,0.241666667,NaN,NaN,-0.29406796502384713
"1979-03-31",-0.27312750311138112,-44.246588546033117,1.1403501230313307,1.817790277861242,1.3464321006883218,2.5203076919999998,0.1224478403400564,0.72826453124079649,0.26250000000000001,NaN,NaN,-0.69112678855325893
"1979-06-30",-0.26707553735089151,-45.106821594372981,-0.17830194499812713,2.3561135459353899,2.1679035184218431,2.5461923080000002,-0.14303721870667641,-0.82233458415912897,0.32000000000000001,NaN,NaN,-2.0687916177046608
"1979-09-30",0.39900125932144093,-44.559037934956791,0.27694700672333816,2.0185385151208823,1.8211564198826302,2.7284999999999999,0.99601058976661605,1.7024793463365218,0.32250000000000001,NaN,NaN,-0.96734234234234218
"1979-12-31",-0.11437631880046872,-44.456830155671945,0.59574641809101436,1.9429278675789252,2.0569598665333366,3.379621212,0.30894582360496692,-1.2660542739829139,0.34250000000000003,1.6000000000000001,NaN,-0.93835683509596535
"1980-03-31",-0.15910887951400277,-45.19137971858278,0.66830420210530761,2.1436367128911726,2.4051300235787387,3.7446153849999999,0.25660180009328126,-1.5438557896707894,0.37333333299999999,NaN,NaN,-0.52138030888030873
"1980-06-30",-2.4316316502824398,-47.251065596284825,0.37764059611369305,2.1647362288152561,2.20785722652872,3.154576923,-2.412601371928047,-8.8418981027511556,0.71999999999999997,1.8374999999999999,NaN,-3.421380308880309
"1980-09-30",-0.52674573946933645,-47.876221889378456,0.16860191926006962,2.2704189282770404,2.1946238023243581,2.443143939,0.72856371340013215,0.69464140944470176,0.55333333299999998,NaN,NaN,-0.28566602316602291
"1980-12-31",1.418638656868243,-46.979679522597628,-0.020664390722302528,2.7717327563648642,2.4012228746947084,3.9571212120000001,0.61486073212109194,2.6772998317496191,0.56166666700000001,1.9375,NaN,1.811643164904035
"1981-03-31",1.601532282061191,-46.507446991345702,0.033674744710587845,2.5513824729729073,2.1936492284405418,4.137734375,0.057115722797518309,0.59050885802849895,0.57166666700000002,NaN,NaN,1.1287261526232117
"1981-06-30",-0.98443989710347291,-46.398651945903779,-0.031539984902062557,1.7561018501303316,1.8605592235852342,4.4376538459999999,-0.47491053133834615,0.85799432537063125,0.505,1.825,NaN,-1.5845091414944354
"1981-09-30",0.72577069231380964,-47.441800791354716,0.29574569654289284,1.848078663117203,1.8138861024575181,4.4247727269999997,-0.17161250683597196,-0.50478111959640359,0.40749999999999997,NaN,NaN,1.1066673290938001
"1981-12-31",-1.4433802776709137,-48.47135576014967,-0.23949313177755727,1.7845360320010606,1.7504036718112292,3.402537879,-1.3663092522090414,-0.44578261723576262,0.64916666700000003,1.6375,NaN,-3.2683326709062008
"1982-03-31",-1.9647690659886807,-50.12911803787361,1.2091784443393649,1.335579118155561,1.435964430623482,3.5666015629999999,0.24732911387184142,-3.1016978047783916,0.68500000000000005,NaN,NaN,-2.2462738473767887
"1982-06-30",0.18595504827099152,-50.131773616678288,-0.35826741083768709,1.228309370340952,1.3348181747188992,3.6298846149999999,-0.23841834936717543,-3.5426462887331867,0.71250000000000002,1.3,NaN,-0.64333267090620017
"1982-09-30",-0.65211749089759685,-50.750917644255189,0.13966936371616612,1.4001138873978025,1.5841836044684587,2.7535984849999999,0.60978956157771158,-3.5101170136434048,0.78416666700000004,NaN,NaN,-1.2683326709062002
"1982-12-31",-0.19471807238716776,-51.877251570129168,0.32821831343432528,1.08065737465326,1.3928489674890354,2.3224242419999999,1.5142424096391993,-1.0731791682226044,0.93083333300000004,1.2875000000000001,NaN,-0.16171502384737652
"1983-03-31",0.94759327596840581,-52.068313510745767,0.25725451583231695,0.84676435817461204,1.352425321533568,2.1642968749999998,0.66979780871951888,0.77575657081275784,0.8175,1.2,NaN,0.5331379173290941
"1983-06-30",1.9508599999588982,-50.993993180505015,0.32191381122399498,0.67303607945188304,0.77318730457549556,2.2062692309999998,1.8970935144689394,2.4249248901629383,0.676666667,NaN,NaN,1.8545280354981852
"1983-09-30",1.6394890729619305,-49.453138012504283,-0.48974307612792423,1.0400839333509548,1.5116422839974497,2.3654924240000001,1.7044924814570761,4.1516706303562021,0.47499999999999998,NaN,NaN,0.14557281161758803
"1983-12-31",1.7501302355000803,-48.224930155386936,0.35289701142469099,0.72241166283841807,0.79896409481694519,2.3567307689999999,1.2070698833096971,4.619009469620261,0.47999999999999998,1.175,NaN,1.3246772892295284
"1984-03-31",1.6958555433574385,-47.383989829476647,0.21789955699329511,1.0347603888838819,1.0009607560292011,2.4260769230000001,0.58767148490728172,1.9673693132984393,0.45000000000000001,1.2749999999999999,NaN,1.4888563937071402
"1984-06-30",1.4036003179321299,-46.455215534554206,0.088220293191998422,0.87978436955964412,1.1656715373487003,2.6540384619999999,1.208406396035655,3.1461332229284658,0.375,NaN,NaN,0.84474815724815755
"1984-09-30",0.67204947634799117,-46.631589014930874,0.58243656758589779,0.82196924923234604,0.9377725040962126,2.8538461540000002,0.42595322243896838,1.2447520052822902,0.46083333300000001,NaN,NaN,-0.27267608517608494
"1984-12-31",0.55079686113864712,-46.56298296123591,0.15881950892038255,0.61963930726163241,0.7161211564171488,2.3165530300000001,1.0224878619746081,1.1902592737512374,0.46583333300000002,1.175,NaN,-0.5454033579033577
"1985-03-31",0.66523900910945288,-46.603761933581644,0.11755476927777231,1.1768693430126653,1.3742838154306547,2.1177343749999999,1.4091104322840442,-0.22475576406180975,0.45250000000000001,0.96250000000000002,NaN,0.21217239967239995
"1985-06-30",0.67495870058494889,-46.633130879046192,0.37651710586916742,0.56491378302672146,0.9010987607723564,1.987692308,0.91873844807297544,0.62147872579006169,0.551666667,NaN,NaN,-0.75741226300927766
"1985-09-30",1.1938031009870897,-46.839443242067702,0.8425660641849575,0.63999381399835187,1.0364607496250677,1.9832954549999999,1.7668278895970779,-0.86681012487706266,0.53333333299999997,NaN,NaN,1.1530354981847524
"1985-12-31",0.4983924247062399,-46.254165716478468,1.3556464387553202,0.53569234852481884,0.70009516021141138,2.0386742419999999,0.11679503226680321,1.6879207438371706,0.55416666699999995,1.0125,NaN,-0.42532271077047173
"1986-03-31",0.63684897044706812,-45.789914968683298,0.97824903277410336,0.48467172622643773,1.0805317868331166,1.968984375,0.78715866655971745,0.035066392645091704,0.61499999999999999,0.875,NaN,0.58828497615262354
"1986-06-30",0.19962547457641477,-46.027870379082714,0.70813492459462779,0.37096872138215886,0.66049760149997638,1.738846154,0.33420457278032778,0.11917956196845492,0.66749999999999998,NaN,NaN,-0.36024443561208241
"1986-09-30",0.65243413028444053,-45.904966357053745,0.76416037766531275,0.46519666585345121,0.66124653426129498,1.5565530299999999,1.5515661705163719,-0.37102471020212524,0.71833333300000002,NaN,NaN,-0.10864669016842902
"1986-12-31",0.18469897802165791,-45.71674515953692,0.71314114848797239,0.60221674610190234,0.79650769570944746,1.5967424240000001,0.34836918551630625,0.52623658444275467,0.70750000000000002,0.875,NaN,-0.81154524089306679
"1987-03-31",0.5510032998602532,-44.972704498639615,-0.081992346678516626,0.58512334426525925,0.62164558734076891,1.5699609379999999,0.20806416101439851,-2.2357852629520671,0.61666666699999995,0.92500000000000004,NaN,-0.88597972972972949
"1987-06-30",0.84965473592416574,-44.499440234067045,0.066596519876904736,0.65210315115447059,0.94927688894594908,1.6648076919999999,1.3898850451750322,0.81630547717041757,0.50333333300000005,NaN,NaN,1.2941673290938001
"1987-09-30",0.60705074896807432,-44.055770719139886,0.30144500949793596,0.73605219273016331,0.88132422296114399,1.7157575759999999,1.0692973689667262,0.9892859649842296,0.50749999999999995,NaN,NaN,0.15446144674085879
"1987-12-31",1.4034980198928015,-43.849641770495396,0.42296004141415544,0.77853631598951978,1.0263361774345725,1.727689394,0.022808186387113238,-0.16124707283787232,0.56416666699999996,1,NaN,0.13975556438791761
"1988-03-31",0.29032457454777338,-44.01631053511732,0.96633976406992339,0.77252192213297377,0.94517898509485221,1.6677692310000001,1.4837712433308781,-0.12853144865012101,0.58416666699999997,0.94999999999999996,NaN,0.26107909379968236
"1988-06-30",1.007930064352569,-43.832142248498407,0.18175355905807322,0.98733246906101968,1.2051997611370879,1.7921538459999999,0.56354732116938866,1.313387036252414,0.51749999999999996,NaN,NaN,-0.34186208267090601
"1988-09-30",0.26869166227344587,-43.676183367263199,-0.0080300814641276475,1.2005913426182957,1.1453069389138371,1.996590909,0.59492046562439338,-0.51064318786317453,0.49333333299999999,NaN,NaN,-0.040391494435611817
"1988-12-31",0.98283630831222935,-43.238876079858635,-0.12515728125137571,0.85336318227957619,1.0981654182033118,2.1187692309999999,1.0041956374495564,0.98995443145731832,0.38916666700000002,0.96250000000000002,NaN,-0.13230325914149418
"1989-03-31",0.80737673294523082,-42.848944602941152,-0.64006150825344221,1.012942930913141,1.0524216842758172,2.367,0.28769222500177882,0.14142786289958742,0.35833333299999998,0.9375,NaN,-0.7389209062003177
"1989-06-30",0.48852242964810833,-43.098928100158496,-0.67700745800345352,1.0463602228578672,0.8861602102445687,2.4323846150000001,0.46987800798676815,-0.54176276712085691,0.39833333300000001,NaN,NaN,-1.5403914944356121
"1989-09-30",0.45909373588965963,-43.127707896168488,0.14809364202661435,0.73325135722974721,0.71663127050047848,2.2711153849999999,0.54928248784529288,1.2465821703462832,0.44500000000000001,NaN,NaN,-0.41906796502384713
"1989-12-31",-0.033157335370992413,-43.259910639332766,0.72636668909114022,0.66195842019718398,0.9036206063937513,2.1606538460000002,0.28666298482920016,-1.6785860021074517,0.47666666699999999,0.92500000000000004,NaN,-0.86226987857422621
"1990-03-31",0.8044171707742076,-42.401271599183943,0.92538566684670087,1.1092999504785261,1.1196455419171691,2.0639230770000001,0.89070675001776678,0.38902629180811443,0.41833333299999997,0.86250000000000004,NaN,0.67396200548374496
"1990-06-30",0.11824586937754233,-43.062964285834049,1.0334311777732808,1.0250616246720412,1.0999167271359411,2.059307692,-0.086981016294518376,-2.8935688004267739,0.40833333300000002,NaN,NaN,0.40222287504896237
"1990-09-30",-0.25290292666021452,-43.959246307240107,0.50690819251713037,0.89713520372685096,0.98926918609691938,2.0460769230000002,0.48434688760510269,-1.4006292497835053,0.42833333299999998,NaN,NaN,-0.85502350176263198
"1990-12-31",-1.1433945393298672,-44.619371285856602,0.045671075840303388,0.77401373952117325,0.82562046762273411,1.940416667,-0.49756515369736576,-3.0945674574653581,0.55000000000000004,0.91249999999999998,NaN,-1.8695162553858204
"1991-03-31",-0.72711145600929949,-45.666722710052987,-0.2219987404906032,0.98622882779455523,0.84599234147644253,1.6228906249999999,-1.1020234300926024,-3.2304235149609672,0.546666667,0.88749999999999996,NaN,-1.0542988640814726
"1991-06-30",0.52341304404780464,-46.071441968260629,1.1818454467169115,0.66907432280149948,0.75107038700892303,1.4695,0.4341446415764505,-0.45335936720717895,0.44750000000000001,NaN,NaN,0.818889541715629
"1991-09-30",0.23256512933134132,-46.194255262154726,0.4346789268450113,0.71801119122341106,0.89165376303466104,1.419545455,0.18206684071202517,-0.76610390930964001,0.43583333299999999,NaN,NaN,0.032657657657657907
"1991-12-31",0.19052568592400343,-46.338212326461203,0.70100401039048243,0.52653658497785472,0.77372801958697224,1.208560606,-0.099634520407132499,-0.67847576647596664,0.51333333299999995,0.875,NaN,-0.36951625538582034
"1992-03-31",0.88977905293281534,-46.454164404567777,2.0147675997923109,0.45809912046932411,0.74842230252167852,1.0130384619999999,1.7597527613754549,0.22111366835133595,0.47499999999999998,0.80000000000000004,NaN,2.9964257735996873
"1992-06-30",0.84768258883421987,-45.841157059519766,0.23083561297250199,0.63073726057742974,0.70166052767328679,0.95423076900000003,0.45898513054152268,2.547658671773517,0.43833333299999999,0.84999999999999998,NaN,0.2429054054054057
"1992-09-30",0.72363547006738527,-45.898849454521518,0.66930626637642376,0.46445191886608228,0.59031159264426591,0.82708333300000003,0.99440959819214747,0.66756370298653445,0.52166666699999997,0.8125,NaN,-0.21423745173745148
"1992-12-31",0.73169204562870682,-46.179534080630091,0.010941614398785049,0.68985209522756108,0.73742834074428387,0.76981060599999995,0.94432815901470679,2.2939185380030147,0.53166666699999998,0.77500000000000002,NaN,-0.11780888030888005
"1993-03-31",-0.097563523810506592,-45.942822323669041,-1.5391645431063417,0.60008992563247432,0.68492030505558077,0.77144531299999997,0.12203257852454463,0.2338809914335771,0.53083333300000002,0.75,NaN,-2.2644437916177043
"1993-06-30",0.34901212865194875,-45.346824296230537,0.17657148770933162,0.60066921425443454,0.75912381714857702,0.75534615400000005,0.71789022552994908,1.2648641647090231,0.53749999999999998,0.80000000000000004,NaN,-0.31154524089306673
"1993-09-30",0.328656368797553,-44.945007412901106,-0.38433978917051803,0.50885065548751385,0.55960600649616055,0.77231060600000001,0.77488301811943217,0.99256250581036265,0.50166666699999996,0.73750000000000004,NaN,-1.1303858206032116
"1993-12-31",1.0342427081503347,-44.661409593255286,0.33117094303269923,0.56252168384789414,0.51155751931277749,0.74750000000000005,0.64282296151156881,3.4217514086893885,0.486666667,0.73750000000000004,NaN,1.423962005483745
"1994-03-31",0.69489457392857279,-44.314735033383634,-0.92843208596411486,0.51708686799667447,0.44712117064609203,0.81117187499999999,0.72753403326346611,1.0045182858254535,0.44500000000000001,0.73750000000000004,NaN,-1.0073032591414943
"1994-06-30",1.1124482678546821,-43.684898085997759,0.29982466892075621,0.49134797340473213,0.66891636170822721,0.98876923100000003,0.58755288934342342,1.5664138071590701,0.37833333299999999,0.75,NaN,-0.029362082670905922
"1994-09-30",0.37789429385569617,-43.311134239182181,-0.58930533095971072,0.49975387239786784,0.55273247227143329,1.127121212,0.73111830487591067,0.48367425881890025,0.37666666700000001,0.75,NaN,-1.0587738473767885
"1994-12-31",0.86090687786277709,-42.687461752235834,0.020562832417336807,0.56445950450978444,0.50701959686936249,1.295653846,0.72359708536291478,1.9482272691482005,0.34250000000000003,0.75,NaN,1.0410951996772895
"1995-03-31",0.05593492928476218,-42.912343813140019,-0.25401238176669949,0.6026938487226019,0.51089633903487197,1.4548846150000001,-0.114033350003373,1.8728457623579609,0.34833333300000002,0.69999999999999996,NaN,-1.2611436062928598
"1995-06-30",0.081569566721162445,-43.734095963876563,0.2166959791225942,0.44765456194504338,0.57229535657929986,1.505153846,0.75033404194333464,-0.38979006104921665,0.40333333300000002,0.71250000000000002,NaN,-0.6081585316659941
"1995-09-30",0.63895838575229735,-43.654020638146207,0.14348742164074224,0.4271299952873342,0.4659335060825498,1.4528461539999999,0.6250683539886781,1.0136597851548079,0.4325,0.67500000000000004,NaN,0.13437878176684176
"1995-12-31",0.45906363504137904,-43.786358805692593,0.5218081042444922,0.47538648581326726,0.5005282500200714,1.4385769230000001,0.39765991306861537,1.1989403700053469,0.43666666700000001,0.625,NaN,5.0423557886554643e-05
"1996-03-31",0.41340456768312883,-44.190155543020282,0.98515499722093836,0.5098431584879215,0.39837415072758731,1.3463846150000001,0.70346658745241708,1.5540983694539532,0.45000000000000001,0.625,NaN,0.73139370713997609
"1996-06-30",1.4595361514877725,-43.391698218903763,0.69226293145341344,0.37676653674409977,0.46591365416173147,1.3195384619999999,1.0866720454648426,2.2504000260006096,0.39416666700000003,0.625,NaN,1.0644451269451274
"1996-09-30",0.46855431877074194,-42.737481617472817,0.33973047209023832,0.45337371490683509,0.45624977304132841,1.3342803029999999,0.29269483895197901,1.7848087641363448,0.37833333299999999,0.625,NaN,0.17808149058149092
"1996-12-31",0.85017760615428983,-42.438912262079143,0.030003232439934635,0.42156117661846793,0.56242626916311877,1.3284090909999999,0.75005807363870414,0.81918372996175748,0.39333333300000001,0.625,NaN,-0.030251842751842468
"1997-03-31",0.59529724362931136,-42.219805404510247,0.42588078540717333,0.49065911186128019,0.39095759818970066,1.3248437500000001,0.70647015541942526,1.0612354196905844,0.37666666700000001,0.625,NaN,-0.82949426699426687
"1997-06-30",1.0047959653471938,-41.573323359978254,0.30102972928807148,0.46390676572958256,0.51398114065497325,1.388153846,-0.061737771260483854,1.2082883166929625,0.3725,0.58750000000000002,NaN,0.70459664209664252
"1997-09-30",1.0270766573770351,-41.214212681293283,0.67296270736418862,0.29061042197318088,0.22526829367013335,1.391325758,1.3572862049471723,3.0597348852412058,0.37833333299999999,0.625,NaN,0.98111179361179413
"1997-12-31",0.45044326569971815,-41.10097753418227,1.4449319020961582,0.34201592828377869,0.31182886970571033,1.383787879,0.83661052618237974,-0.00087825535412429379,0.38250000000000001,0.53749999999999998,NaN,0.022778460278460533
"1998-03-31",0.68482450495986891,-41.302670452394175,1.6286565345915882,0.14385835618044851,0.27663889360391991,1.3810156250000001,0.55802253315850869,2.0323980414084959,0.41666666699999999,0.52500000000000002,NaN,0.28736385639370743
"1998-06-30",0.62002357409909337,-41.55407038081389,1.0791996845521901,0.22872837053347084,0.30269026674663024,1.377423077,1.3739773869418492,2.5214598806616695,0.41416666699999999,0.5,NaN,0.22393102057281189
"1998-09-30",0.98009330498608493,-41.554574479667217,1.1981462967940004,0.36108669195664689,0.34793645728754541,1.388674242,0.91527445521886186,1.1003927924814665,0.48083333299999997,0.5,NaN,0.97393102057281211
"1998-12-31",1.3396864158614741,-41.343930032711818,0.10595791002918631,0.2614479635645317,0.30557330854090736,1.218598485,1.1110389914630092,2.1466776234051541,0.64500000000000002,0.5,NaN,-0.40803855325914123
"1999-03-31",0.57394824975035563,-41.490109128188024,1.2276885034712137,0.37393105080214539,0.32274664623974658,1.1881640630000001,0.48593417971070085,1.1540537561412849,0.60499999999999998,0.45000000000000001,NaN,1.0257849761526237
"1999-06-30",0.38774395910751158,-41.637481506902319,-0.1846038186368304,0.41759997483294953,0.30967797780050432,1.188692308,1.2335799534368141,1.6628524229698474,0.55000000000000004,0.5,NaN,-1.0256856120826707
"1999-09-30",0.90216146086239402,-41.726832371839429,0.48456185988783318,0.35353162075377753,0.34229950369768503,1.2793560610000001,0.94396155410444438,1.4590682730912616,0.55416666699999995,0.5,NaN,-0.0036267885532588395
"1999-12-31",1.3271588436114312,-41.46413035694323,1.5770181177048315,0.49012388506577409,0.45339073390167073,1.326931818,1.1991675341410213,-0.053648637717186587,0.52500000000000002,0.5,NaN,1.2390202702702708
"2000-03-31",-0.052100119234443909,-40.096076176333462,2.9290972172819174,0.74056554421897403,0.54991627994462888,1.4321923080000001,1.240198969432782,2.3014436972533305,0.46250000000000002,0.5,NaN,0.18845475910693327
"2000-06-30",1.5225586932624435,-40.414562428608392,-0.2288979004533509,0.54909083694960614,0.32708426686198777,1.5718076919999999,0.50017858000369619,1.7207832526064086,0.60416666699999999,0.5,NaN,0.93845475910693343
"2000-09-30",-0.23553841167126555,-41.156151457899703,1.3577431530648276,0.63864429296591751,0.45565694504334786,1.6298846149999999,0.58667550775920452,-0.13780429585502352,0.60666666700000005,0.5,NaN,-0.89125538582060304
"2000-12-31",0.21046607900634395,-41.339195621435465,0.025024042516630374,0.53051810366886443,0.48055267809381519,1.6247307689999999,0.54649990120655412,-0.45839583389902794,0.66166666699999999,0.5,NaN,0.039904034469252121
"2001-03-31",-0.65383932722384852,-41.616285947924148,1.7742989053925129,0.63485379903758243,0.56454072196956417,1.403,0.093351003747488281,-1.4445047327757838,0.70750000000000002,0.5,NaN,-0.88763219741480581
"2001-06-30",0.17685031108594096,-42.730819391375441,-0.44329482750473659,0.69777762496654461,0.38853070454383243,1.0811923080000001,-0.32132210196816891,-2.0412454945381642,0.69166666700000001,0.5,NaN,0.16309244026635361
"2001-09-30",-0.66778334100874304,-43.649526306480624,-0.20791371155022276,0.32325622027160605,0.28520105123899242,0.87342307699999999,-0.2374557885808537,-1.2407050589464494,0.74250000000000005,0.5,NaN,-1.0180669800235016
"2001-12-31",-0.085281199757059056,-44.658418721496851,0.55263084817340768,0.31271762611613241,0.50694412675111877,0.53606060600000005,0.91705287893573129,-2.9261809208571701,0.78833333299999997,0.51249999999999996,NaN,-0.018066980023501478
"2002-03-31",0.5948572371214822,-44.996661336397992,0.23356240846288401,0.29280515013176966,0.28525111070827336,0.43421874999999999,-0.16064269396384168,-1.3350950858437092,0.71999999999999997,0.5,NaN,2.0515202702702711
"2002-06-30",0.16510657500666825,-44.859635210812421,0.46650142885420465,0.41226455097627124,0.58291841031108405,0.43911538500000002,0.51887330729537551,-0.9511889259695101,0.73083333299999997,0.5,NaN,-0.44112678855325893
"2002-09-30",0.14856423964120236,-45.070803332232856,0.038895212337841656,0.44109156223237633,0.5159435366494769,0.43712121199999998,0.41649476513625494,-0.98740468413911209,0.84166666700000003,0.5,NaN,-0.04099435256151647
"2002-12-31",-0.25629782881436691,-45.719098258430968,-0.2604164355957117,0.52091681886992092,0.34701781251351704,0.362007576,0.13359564915469413,-0.64354178724938882,0.89833333299999996,0.48749999999999999,NaN,-0.3730839048003225
"2003-03-31",0.17432285787636337,-45.573384154536178,-0.0074981270410390266,0.6226996313154487,0.24310141381436168,0.313398438,0.18629547906305888,0.2164356654998055,0.80000000000000004,0.5,NaN,0.30228922952803577
"2003-06-30",0.5912156238794597,-46.046133372105658,1.4300764876962191,0.32320311719296058,0.36185974317124447,0.31326923099999998,0.5391277366870062,1.4854841820332725,0.71333333300000001,0.5,NaN,1.2761698265429613
"2003-09-30",1.3462877871604717,-46.5517634114196,0.93327145307613435,0.54096270796346602,0.40427235601550038,0.253522727,1.2066485714291475,2.5844729402115254,0.64333333299999995,0.5,NaN,1.3826269451269455
"2003-12-31",0.82002367100377782,-46.146111874643125,0.83898049310553446,0.49456482228533716,0.34905220873442389,0.249772727,0.36118686773569664,1.8112833072266008,0.59416666699999998,0.5,NaN,0.40914209664209694
"2004-03-31",0.26801544741461569,-46.207776541558232,-1.0075764709998047,0.85709274500240795,0.54018965553517262,0.2505,0.55426993335977448,-0.60713763001081911,0.56416666699999996,0.5,NaN,0.25762694512694545
"2004-06-30",0.44716626348633159,-46.321336476169606,1.0967240890372487,0.83743023484856849,0.60465970114815804,0.25334615399999999,0.19753927052218456,2.4405620504972831,0.515833333,0.5,NaN,0.57959664209664252
"2004-09-30",0.55644191059993076,-45.974903683496926,1.0453994099997033,0.65285659323803813,0.45935055792263313,0.35928030300000002,0.57006790904872151,2.0034561245708571,0.53666666699999999,0.5,NaN,0.71159043659043686
"2004-12-31",0.5593665763923894,-46.02731376081266,-0.26050190285165087,0.69637776473392421,0.46709586909665646,0.48844696999999998,0.80585117426631436,1.7919595834099202,0.50333333300000005,0.5,NaN,-0.48071725571725549
"2005-03-31",0.76291055927076856,-46.043909215350887,-0.16733420309007485,0.91845669597034885,0.63681286442802687,0.61949218800000005,0.058640189667324982,1.4682958758516911,0.41749999999999998,0.48749999999999999,0.95482500000000003,0.28466735966735995
"2005-06-30",0.22881772181015947,-45.56245231748175,-0.18187779699241347,0.71803556637215493,0.53120111032969319,0.73592307700000004,0.72849483126748993,1.6103010830000346,0.453333333,0.5,0.96057499999999996,-0.42963471283783755
"2005-09-30",0.54947745250690239,-45.319365961734981,0.30086660893546835,0.92418080102891764,0.41540172917500229,0.86530302999999997,0.64595974061774086,1.6280713995034168,0.44166666700000001,0.5,0.99334999999999996,0.6133340371621625
"2005-12-31",0.28221906598604463,-45.290703622477047,-0.11557289022610107,0.75365456969000988,0.65144712690399231,0.99411538499999996,0.11264514936967229,0.41656189214875627,0.46166666699999998,0.5,1.0486249999999999,0.099259974259974584
"2006-03-31",0.92387128444363364,-44.785079945652662,1.3333627261221004,0.76827153836109829,0.50790237119473503,1.1147692309999999,0.52321119157680007,2.0015442283840224,0.43416666700000001,0.5,1.07535,1.15481552981553
"2006-06-30",-0.0027225421545373774,-44.538147973232078,-0.79335975679244441,0.82057730683660068,0.67145314242962328,1.2262692310000001,0.19681226668085694,-1.3119668336061319,0.41666666699999999,0.5,1.142225,-1.071374946374946
"2006-09-30",-0.18928029102943666,-44.483260079540621,-0.57345138333628753,0.69638237796807445,0.53456610873636734,1.3123461540000001,0.32059610406548478,-1.4483473157412163,0.424166667,0.5,1.139575,-1.2777241527241523
"2006-12-31",0.49831741673975194,-44.026725381249499,1.4078231668394281,0.35736593594704047,0.42078815465700359,1.311346154,0.21251340271556396,-0.81483175653197515,0.41249999999999998,0.5,1.1181749999999999,0.07941870441870473
"2007-03-31",-0.20098720135085513,-44.129870294595364,1.3171277664816294,1.11106474560696,0.70849389881315616,1.314884615,0.071120774234245676,-0.93890671413947313,0.40416666699999998,0.46250000000000002,1.1246499999999999,-1.1561972128378375
"2007-06-30",0.48103433820745889,-44.391787058108179,-0.60066621373984219,0.57459861509574495,0.35185538627882096,1.312384615,0.2922046583706206,-0.42649257918747352,0.41166666699999999,0.47499999999999998,1.1275999999999999,-0.42963471283783755
"2007-09-30",0.4264909071484857,-44.784764218616679,-0.012072943550300863,0.33067386899325868,0.48990826955188638,1.2726538460000001,0.41785494450242711,-1.1711251231368873,0.47499999999999998,0.47499999999999998,1.1035999999999999,-0.96148648648648605
"2007-12-31",0.11858739991139067,-44.815803879444083,0.66815152868091587,0.41640509721228014,0.67305723292943043,1.1232575760000001,0.4526472160339412,-1.475822229961163,0.5625,0.47499999999999998,1.030975,-0.55764033264033241
"2008-03-31",-0.93753325142306165,-45.308706746375016,0.40712677051617518,0.57113633930994112,0.57492257025799631,0.79488461499999996,-0.17531039596546671,-2.4384961816680857,0.77166666699999997,0.5,0.91979999999999995,-2.1422557172557171
"2008-06-30",0.29262789665807087,-45.847660585626571,-0.3693697602481727,0.44062528556612079,0.50276626769658606,0.52219230800000005,0.52143515093840964,-1.8730918862848487,0.77583333300000001,0.5,0.89139999999999997,-0.2196457821457819
"2008-09-30",-0.72529640111742566,-46.740475677410309,0.17224539082185686,0.68291965656799292,0.45084280719587255,0.489166667,-0.63979128864739554,-3.4418781799997196,0.83583333299999996,0.5,0.88942500000000002,-1.0037366912366912
"2008-12-31",-2.4231779823279895,-48.494460671868467,0.90018453186955227,0.18653728130422209,0.099799904451192134,0.13193181800000001,-3.0839753264308878,-6.5780758708052893,1.3999999999999999,0.5,0.82650000000000001,-2.8999480249480243
"2009-03-31",-1.6279547781171633,-51.149683693221526,-2.7361416805629979,0.24018025056102843,0.11882346046467873,0.046718750000000003,-1.3906822403507824,-9.0938461413265639,1.369166667,0.47499999999999998,0.76185000000000003,-1.4257284628378375
"2009-06-30",-0.3859085771642734,-52.639528073924602,2.5651488954527402,-0.15605152866218219,0.48590570264153143,0.044615385,-0.088146627452068138,-5.1184619131303251,1.1675,0.5,0.77737500000000004,0.9219277871621625
"2009-09-30",0.07280836390560208,-53.42124932172343,0.7057686313294731,-0.0070080241905579044,0.28102688248958785,0.038636363999999999,1.0004611943235986,-1.3048351805182046,0.78583333300000002,0.5,0.76734999999999998,1.4643393393393396
"2009-12-31",0.72075424475553929,-54.304732347805462,0.30037114656682462,0.30090243381915016,0.51996292141973655,0.029659090999999999,0.1284063554360948,-1.219254810445944,0.71666666700000003,0.44,0.76052500000000001,1.7540218790218793
"2010-03-31",0.21186585471633657,-54.082019728286745,-1.0283854002709703,0.33283538449024874,0.25500725755200904,0.033710938000000003,0.30247535615155474,-0.63751021095702909,0.64249999999999996,0.47249999999999998,0.77702499999999997,-0.32252615518744521
"2010-06-30",0.70291176840308056,-53.463545267310053,0.70322239919526908,0.46055129097926084,0.26424278192953565,0.047961537999999998,0.22235714950331609,2.5384335357867602,0.671666667,0.47499999999999998,0.75367499999999998,0.5847319093286838
"2010-09-30",0.43036044627585701,-53.325911697246831,0.0027264003940707937,0.4574541755328454,0.24481507967779592,0.047083332999999998,0.24122127714184538,-0.67942548000127223,0.74750000000000005,0.45000000000000001,0.718275,1.0205471865307933
"2010-12-31",0.38533063987362115,-53.501770967159068,-0.069740037291943224,0.51030802901701477,0.20191580571644607,0.047272727,0.79541030124036238,1.7167046972894173,0.76249999999999996,0.42499999999999999,0.74009999999999998,-0.31142002658396073
"2011-03-31",-0.62823401880775509,-53.742494745426406,1.3362791639766058,0.43645969899390735,0.33791116807853072,0.038867187999999997,0.5641675309256633,-0.53413434437798168,0.65749999999999997,0.45000000000000001,0.75802499999999995,-1.0886551874455097
"2011-06-30",0.46127793446553711,-53.515158108917049,-1.2538018088740444,0.74035137440313648,0.60518254578436625,0.023346154000000001,0.21912699732336005,1.4795737550243966,0.66000000000000003,0.47499999999999998,0.74297500000000005,-0.22978421970357424
"2011-09-30",-0.017202956119283241,-53.43363765112521,0.0080698663114553426,0.57987985049026136,0.50266752415479843,0.020946969999999999,0.13284412181755467,3.4275637475903786,0.75916666700000002,0.47499999999999998,0.69520000000000004,-0.89107454228421945
"2011-12-31",0.87350400779529491,-52.919999236015336,-1.4147093830991331,0.13770989690904401,0.39877709742874856,0.018846154,0.29045485691950867,2.2236213008420393,0.801666667,0.5,0.64700000000000002,1.0565061028770708
"2012-03-31",0.29882171029800286,-52.223955168126857,2.1852435201106246,0.52597854183664694,0.52123344638852487,0.026192308000000001,0.42998822859415808,1.8687579367203069,0.79083333300000003,0.45000000000000001,0.655725,0.85251439964554754
"2012-06-30",0.15298571679410178,-52.448649738036757,-0.23934195189321272,0.45463740808466824,0.4630680968594092,0.038615385000000002,-0.064555806266275439,0.66837815176846793,0.8175,0.495,0.63232500000000003,-0.92207576428887861
"2012-09-30",0.31019087831647418,-52.687325880787839,-0.53392077703264818,0.51137879249116835,0.31038574797550567,0.036576922999999997,0.038772591881885976,0.3784755276388031,0.8075,0.46250000000000002,0.61614999999999998,0.11071112095702286
"2012-12-31",-0.19195610304752475,-52.181803675475358,2.0845558451992652,0.32750294303820482,0.34174073363466562,0.040265151999999999,0.33900245564427722,1.3093883224729923,0.71666666700000003,0.45000000000000001,0.62277499999999997,-0.38519051838723939
"2013-03-31",0.44992206426637815,-52.186172577308909,-2.0047838569429821,0.33114331203716318,0.35667570871673604,0.035898437999999998,0.55354041234767504,0.54581225135263423,0.71499999999999997,0.45000000000000001,0.64862500000000001,-0.09010855117412464
"2013-06-30",0.14889496651778744,-52.201354031651626,0.7157798548904637,0.30376151294078113,0.25439651323306833,0.029153846000000001,-0.0017435958125311402,1.2164481010808719,0.70999999999999996,0.45000000000000001,0.64254999999999995,-0.053223305272485311
"2013-09-30",0.84053339030106256,-52.453514391422651,-0.30909762148967346,0.4197946550435816,0.35544781845588957,0.021363635999999998,0.23927411786154318,1.4412145746701415,0.67333333299999998,0.42749999999999999,0.68632499999999996,0.48366194062915407
"2013-12-31",0.58709477437445812,-52.66059307123534,0.034211852796683928,0.37705957221714215,0.3298022768089659,0.021401514999999999,0.5358909386729005,1.5249095641046815,0.65249999999999997,0.45000000000000001,0.70127499999999998,0.16808817013735078
"2014-03-31",-0.77123180186865481,-52.257358528327735,1.206229735785147,0.32272943408884203,0.29879427451646734,0.018124999999999999,0.072763070220993598,0.16917782830132544,0.58833333300000001,0.45000000000000001,0.67810000000000004,-2.8319118298626491
"2014-06-30",0.88318999564565015,-51.754894385996941,-0.75414770804105302,0.52511060440956214,0.48981060659452069,0.022769231000000001,0.43491455677063806,1.7805265191428423,0.54916666700000005,0.4375,0.64165000000000005,1.2951373504652195
"2014-09-30",0.9597668984568819,-51.628811866015667,0.34681467753374662,0.35222992194068325,0.34747419616572017,0.022348485000000001,0.50454879082216797,1.8245321106758035,0.56083333300000004,0.42499999999999999,0.61839999999999995,0.17218653079308849
"2014-12-31",0.31266421010069934,-51.088148771131614,0.43194211574801855,0.034970827324354303,0.26860324023942894,0.025530303000000001,0.70407034272421676,1.1161532879385698,0.61499999999999999,0.42499999999999999,0.59514999999999996,NaN