"date","GDP","GDPCTPI","PCE","FPI","CNP16OV","CE16OV","PRS85006013","UNRATE","AWHNONAG","DFF","BAA","GS10","PRS85006063","CES0500000030","CLF16OV","PCEPILFE","COMPNFB","THREEFYTP10"
"2014-12-31",17615.9,109.081,12061.4,2848.7,248843.0,147344.0,107.541,5.7,33.8,0.1,4.74,2.28,123.201,700.21,156258.0,108.498,112.199,-0.0148
"2015-03-31",17649.3,109.112,12055.4,2868.6,249901.0,148276.0,108.03,5.6,33.7,0.11,4.5,1.97,124.148,702.89,157029.0,108.758,112.612,-0.2233
"2015-06-30",17913.7,109.685,12228.3,2897.9,250461.0,148686.0,108.724,5.4,33.6,0.13,4.83,2.17,125.141,704.73,157193.0,109.264,113.087,-0.1088
"2015-09-30",18064.7,110.048,12358.6,2934.2,251099.0,148892.0,108.847,5.2,33.7,0.13,5.24,2.22,125.941,709.24,156962.0,109.627,113.938,-0.1059
"1959-03-31",511.1,17.189,309.9,79.3,114714.0,63940.0,45.919,5.8,NA,2.58,4.87,3.99,4.066,NA,67884.0,17.611,7.565,NA
"1959-06-30",524.2,17.237,315.9,82.1,115139.0,64772.0,46.654,5.1,NA,3.08,4.95,4.26,4.178,NA,68265.0,17.7,7.627,NA
"1959-09-30",525.2,17.308,321.1,83.2,115551.0,64875.0,46.66,5.3,NA,3.57,5.12,4.5,4.191,NA,68505.0,17.816,7.672,NA
"1959-12-31",529.3,17.375,323.2,82.4,115918.0,64927.0,46.779,5.6,NA,3.99,5.27,4.58,4.232,NA,68783.0,17.918,7.746,NA
"1960-03-31",543.3,17.41,326.7,85.3,116708.0,65213.0,47.172,5.1,NA,3.93,5.31,4.49,4.349,NA,68770.0,17.976,7.913,NA
"1960-06-30",542.7,17.473,332.6,83.9,117037.0,66061.0,47.231,5.2,NA,3.7,5.25,4.26,4.385,NA,69713.0,18.045,7.963,NA
"1960-09-30",546.0,17.552,332.5,82.1,117411.0,66024.0,46.916,5.5,NA,2.94,5.1,3.83,4.386,NA,69912.0,18.118,8.011,NA
"1960-12-31",541.1,17.631,334.4,81.8,117824.0,65840.0,46.674,6.3,NA,2.3,5.1,3.89,4.365,NA,70239.0,18.178,8.047,NA
"1961-03-31",545.9,17.651,335.0,80.9,118254.0,65738.0,46.505,6.8,NA,1.99,5.06,3.79,4.378,NA,70523.0,18.209,8.117,NA
"1961-06-30",557.4,17.688,339.9,82.3,118636.0,65605.0,46.414,7.0,NA,1.73,5.02,3.79,4.429,NA,70532.0,18.269,8.231,NA
"1961-09-30",568.2,17.727,342.9,84.3,119001.0,65667.0,46.62,6.8,NA,1.68,5.11,3.98,4.488,NA,70429.0,18.35,8.292,NA
"1961-12-31",581.6,17.769,350.1,86.9,119190.0,65967.0,47.032,6.2,NA,2.4,5.11,3.97,4.579,NA,70315.0,18.396,8.353,NA
"1962-03-31",595.2,17.859,355.4,88.7,119379.0,66380.0,47.325,5.6,NA,2.46,5.06,4.02,4.669,NA,70337.0,18.465,8.486,NA
"1962-06-30",602.6,17.908,361.0,91.3,119819.0,66577.0,47.666,5.5,NA,2.61,5.01,3.87,4.756,NA,70448.0,18.536,8.543,NA
"1962-09-30",609.6,17.95,364.9,92.0,120368.0,66881.0,47.587,5.6,NA,2.85,5.05,3.99,4.779,NA,70812.0,18.595,8.602,NA
"1962-12-31",613.1,17.992,371.1,91.6,121046.0,66969.0,47.469,5.5,NA,2.92,4.96,3.9,4.793,NA,70881.0,18.627,8.682,NA
"1963-03-31",622.7,18.08,374.7,92.8,121640.0,67149.0,47.704,5.8,NA,2.97,4.89,3.89,4.869,NA,71277.0,18.688,8.768,NA
"1963-06-30",631.8,18.094,378.8,96.8,122167.0,67635.0,47.908,5.7,NA,2.96,4.85,3.96,4.925,NA,71718.0,18.755,8.812,NA
"1963-09-30",645.0,18.112,385.8,98.9,122670.0,67996.0,48.167,5.5,NA,3.33,4.84,4.03,4.989,NA,71958.0,18.825,8.902,NA
"1963-12-31",654.8,18.231,390.5,102.1,123189.0,68258.0,48.417,5.6,NA,3.45,4.84,4.12,5.086,NA,72296.0,18.917,9.005,NA
"1964-03-31",671.1,18.3,400.1,105.3,123708.0,68614.0,48.83,5.5,38.4,3.46,4.83,4.18,5.176,96.0,72584.0,18.999,8.998,NA
"1964-06-30",680.8,18.355,408.1,106.1,124203.0,69402.0,48.937,5.2,38.6,3.49,4.85,4.2,5.256,97.4,73234.0,19.058,9.098,NA
"1964-09-30",692.8,18.447,417.0,107.9,124739.0,69480.0,49.354,5.0,38.5,3.46,4.82,4.19,5.36,97.92,73138.0,19.113,9.217,NA
"1964-12-31",698.4,18.526,419.6,110.0,125289.0,69710.0,49.769,5.0,38.6,3.58,4.81,4.17,5.452,98.95,73353.0,19.164,9.286,NA
"1965-03-31",719.2,18.606,430.3,115.0,125814.0,70188.0,50.263,4.9,38.7,3.98,4.79,4.2,5.559,100.23,73792.0,19.235,9.322,NA
"1965-06-30",732.4,18.692,437.2,118.5,126325.0,70897.0,50.862,4.7,38.7,4.08,4.82,4.21,5.652,101.14,74369.0,19.294,9.385,NA
"1965-09-30",750.2,18.778,446.4,121.9,126745.0,71369.0,51.116,4.4,38.6,4.08,4.89,4.25,5.725,101.82,74626.0,19.354,9.484,NA
"1965-12-31",773.1,18.9,460.4,126.2,127169.0,71827.0,51.577,4.1,38.6,4.17,4.97,4.47,5.865,102.97,74909.0,19.418,9.625,NA
"1966-03-31",797.3,19.016,470.8,130.3,127511.0,72173.0,52.209,3.9,38.7,4.56,5.17,4.77,6.052,104.01,75072.0,19.517,9.791,NA
"1966-06-30",807.2,19.189,475.9,131.2,127869.0,72594.0,52.876,3.8,38.6,4.91,5.49,4.78,6.208,104.77,75477.0,19.676,9.947,NA
"1966-09-30",820.8,19.359,485.0,131.3,128234.0,73088.0,53.326,3.8,38.4,5.41,5.87,5.14,6.327,105.51,75946.0,19.84,10.089,NA
"1966-12-31",834.9,19.518,490.8,129.4,128617.0,73657.0,53.429,3.7,38.3,5.56,6.14,5.0,6.395,106.35,76483.0,20.013,10.226,NA
"1967-03-31",846.0,19.6,495.1,127.4,129044.0,73572.0,53.652,3.8,38.0,4.82,5.88,4.58,6.474,106.62,76496.0,20.124,10.364,NA
"1967-06-30",851.1,19.717,504.2,131.2,129527.0,74001.0,53.668,3.8,37.8,3.99,5.98,4.82,6.539,106.97,76940.0,20.258,10.532,NA
"1967-09-30",866.6,19.894,511.4,133.6,130166.0,74714.0,53.895,3.8,37.8,3.89,6.33,5.25,6.65,108.49,77663.0,20.441,10.675,NA
"1967-12-31",883.2,20.112,518.9,139.2,130757.0,75216.0,54.165,3.9,37.8,4.17,6.72,5.64,6.771,109.87,78292.0,20.646,10.82,NA
"1968-03-31",911.1,20.332,536.9,143.9,131267.0,75103.0,54.447,3.7,37.7,4.79,6.83,5.61,6.965,111.34,78021.0,20.879,11.111,NA
"1968-06-30",936.3,20.559,550.6,144.9,131712.0,75950.0,54.869,3.6,37.7,5.98,7.02,5.74,7.146,112.98,78746.0,21.121,11.291,NA
"1968-09-30",952.3,20.757,566.7,148.0,132250.0,76101.0,55.259,3.5,37.7,5.95,6.86,5.46,7.314,114.61,78880.0,21.357,11.476,NA
"1968-12-31",970.1,21.047,575.6,154.8,132880.0,76499.0,55.869,3.4,37.6,5.92,7.03,5.77,7.506,116.08,79195.0,21.606,11.705,NA
"1969-03-31",995.4,21.259,587.8,160.9,133476.0,77166.0,56.432,3.4,37.6,6.57,7.38,6.18,7.679,117.94,79874.0,21.846,11.864,NA
"1969-06-30",1011.4,21.54,599.2,163.5,134020.0,77605.0,57.035,3.4,37.6,8.33,7.59,6.35,7.876,119.82,80367.0,22.109,12.056,NA
"1969-09-30",1032.0,21.847,609.5,167.4,134595.0,78153.0,57.429,3.6,37.5,8.98,7.92,6.86,8.055,121.5,81074.0,22.366,12.272,NA
"1969-12-31",1040.7,22.12,621.5,165.8,135247.0,78575.0,57.48,3.6,37.5,8.94,8.37,7.3,8.186,123.27,81505.0,22.63,12.509,NA
"1970-03-31",1053.5,22.425,632.6,166.3,135950.0,78780.0,57.501,4.2,37.3,8.56,8.76,7.37,8.301,124.1,82210.0,22.876,12.735,NA
"1970-06-30",1070.1,22.749,642.5,166.4,136677.0,78636.0,57.146,4.8,37.0,7.88,8.98,7.71,8.322,124.82,82565.0,23.135,12.938,NA
"1970-09-30",1088.5,22.935,654.5,168.8,137456.0,78616.0,57.126,5.2,36.9,6.71,9.41,7.46,8.416,126.68,82912.0,23.393,13.151,NA
"1970-12-31",1091.5,23.234,661.2,170.7,138260.0,78643.0,56.738,5.8,36.8,5.57,9.28,6.85,8.434,127.83,83498.0,23.721,13.281,NA
"1971-03-31",1137.8,23.589,680.2,177.2,139034.0,78717.0,56.995,5.9,36.7,3.86,8.53,6.02,8.649,130.04,83676.0,24.022,13.555,NA
"1971-06-30",1159.4,23.905,694.3,186.5,139827.0,78961.0,57.2,5.9,36.8,4.57,8.61,6.25,8.804,132.24,83929.0,24.296,13.754,NA
"1971-09-30",1180.3,24.146,706.7,191.9,140603.0,79511.0,57.299,6.0,36.7,5.48,8.7,6.48,8.925,134.08,84581.0,24.526,13.943,NA
"1971-12-31",1193.6,24.345,722.9,198.7,141402.0,80229.0,57.707,5.9,36.9,4.75,8.41,5.89,9.083,136.41,85318.0,24.666,14.039,NA
"1972-03-31",1233.8,24.742,740.1,209.7,143005.0,81213.0,58.349,5.8,36.9,3.55,8.23,6.03,9.44,140.96,86208.0,24.904,14.415,NA
"1972-06-30",1270.1,24.891,758.6,214.8,143759.0,81875.0,58.779,5.7,36.9,4.3,8.22,6.14,9.619,142.67,86810.0,25.073,14.585,NA
"1972-09-30",1293.8,25.111,777.1,219.4,144523.0,82450.0,59.159,5.6,36.8,4.74,8.17,6.29,9.803,144.39,87351.0,25.262,14.78,NA
"1972-12-31",1332.0,25.394,801.9,232.2,145215.0,83002.0,59.856,5.4,36.9,5.15,7.99,6.37,10.091,147.11,87675.0,25.421,15.057,NA
"1973-03-31",1380.7,25.72,826.4,243.8,145964.0,83842.0,60.824,4.9,36.9,6.54,7.97,6.6,10.513,149.2,88232.0,25.599,15.453,NA
"1973-06-30",1417.6,26.142,842.0,250.0,146720.0,84797.0,61.487,4.9,36.9,7.82,8.09,6.81,10.771,151.29,89181.0,25.949,15.668,NA
"1973-09-30",1436.8,26.631,860.5,254.6,147478.0,85330.0,61.9,4.8,36.9,10.56,8.47,7.21,11.031,153.61,89650.0,26.295,15.94,NA
"1973-12-31",1479.1,27.092,875.6,255.9,148226.0,86236.0,62.39,4.8,36.8,10.0,8.44,6.75,11.31,155.53,90579.0,26.661,16.262,NA
"1974-03-31",1494.7,27.644,893.8,255.8,148987.0,86709.0,62.574,5.1,36.6,9.33,8.54,7.05,11.519,156.89,91379.0,27.119,16.633,NA
"1974-06-30",1534.2,28.262,922.3,260.0,149747.0,86834.0,62.919,5.2,36.5,11.25,9.06,7.54,11.851,159.97,91584.0,27.792,17.068,NA
"1974-09-30",1563.4,29.124,951.1,265.4,150498.0,87079.0,62.882,5.6,36.5,12.1,9.81,7.96,12.161,163.74,92253.0,28.588,17.575,NA
"1974-12-31",1603.0,30.008,960.9,260.9,151253.0,86588.0,62.259,6.6,36.2,9.34,10.57,7.67,12.29,165.64,92688.0,29.287,18.06,NA
"1975-03-31",1619.6,30.686,987.1,254.3,151987.0,85357.0,60.806,8.3,35.9,6.31,10.65,7.54,12.265,166.33,93023.0,29.862,18.607,NA
"1975-06-30",1656.4,31.134,1015.8,257.2,152708.0,85332.0,60.32,8.9,35.9,5.42,10.63,8.05,12.412,168.1,93619.0,30.319,19.005,NA
"1975-09-30",1713.8,31.688,1049.6,266.6,153579.0,86136.0,60.757,8.5,36.0,6.16,10.58,8.3,12.746,171.64,94128.0,30.775,19.34,NA
"1975-12-31",1765.9,32.216,1078.5,275.9,154336.0,86497.0,61.476,8.3,36.1,5.41,10.58,8.06,13.176,175.01,94309.0,31.276,19.656,NA
"1976-03-31",1824.5,32.563,1112.3,289.9,155075.0,87686.0,62.284,7.7,36.2,4.83,10.26,7.75,13.65,178.58,95049.0,31.752,20.03,NA
"1976-06-30",1856.9,32.889,1131.9,299.9,155774.0,88591.0,62.744,7.6,36.1,5.2,9.9,7.77,13.912,180.81,95826.0,32.132,20.408,NA
"1976-09-30",1890.5,33.309,1161.3,307.5,156527.0,89163.0,63.109,7.7,36.0,5.28,9.62,7.73,14.261,184.25,96626.0,32.634,20.837,NA
"1976-12-31",1938.4,33.868,1195.1,327.1,157222.0,89570.0,63.585,7.8,35.9,4.87,9.21,7.19,14.643,186.8,97102.0,33.143,21.282,NA
"1977-03-31",1992.5,34.411,1230.6,345.5,157911.0,90359.0,64.348,7.5,35.8,4.66,9.11,7.35,15.078,189.8,97703.0,33.695,21.683,NA
"1977-06-30",2060.2,34.952,1258.5,370.2,158652.0,91661.0,65.463,7.1,36.0,5.16,9.0,7.37,15.679,194.4,98696.0,34.211,22.124,NA
"1977-09-30",2122.4,35.437,1289.7,383.3,159430.0,92409.0,66.308,6.9,35.9,5.82,8.83,7.36,16.155,196.85,99244.0,34.782,22.555,NA
"1977-12-31",2168.7,36.034,1327.9,398.2,160140.0,93639.0,67.056,6.7,35.9,6.51,8.94,7.6,16.596,200.56,100294.0,35.292,22.946,NA
"1978-03-31",2208.7,36.637,1357.8,409.3,160829.0,94553.0,67.86,6.3,35.6,6.76,9.2,8.01,17.235,202.5,100934.0,35.854,23.721,NA
"1978-06-30",2336.6,37.338,1415.3,446.3,161525.0,95835.0,69.209,6.0,35.8,7.28,9.47,8.32,17.932,208.79,101947.0,36.477,23.979,NA
"1978-09-30",2398.9,37.987,1446.2,467.4,162265.0,96397.0,69.904,6.0,35.8,8.09,9.5,8.49,18.357,212.61,102568.0,37.105,24.342,NA
"1978-12-31",2482.2,38.759,1485.4,487.3,163024.0,97400.0,70.838,5.9,35.7,9.58,9.79,8.82,19.016,216.66,103484.0,37.771,24.914,NA
"1979-03-31",2531.6,39.47,1521.0,502.0,163756.0,98252.0,71.667,5.9,35.7,10.07,10.16,9.11,19.726,220.63,104383.0,38.284,25.662,NA
"1979-06-30",2595.9,40.411,1561.5,511.9,164447.0,98371.0,72.303,5.7,35.5,10.18,10.39,9.11,20.242,222.71,104327.0,39.121,26.227,NA
"1979-09-30",2670.4,41.235,1616.0,533.5,165200.0,99041.0,72.737,5.9,35.6,10.94,10.39,9.1,20.885,227.96,105209.0,39.841,26.836,NA
"1979-12-31",2730.7,42.044,1659.5,539.3,166055.0,99637.0,72.921,6.0,35.6,13.58,11.82,10.45,21.465,231.78,105923.0,40.669,27.526,NA
"1980-03-31",2796.5,42.955,1706.5,544.7,166762.0,99862.0,73.133,6.3,35.4,15.07,13.48,11.99,22.024,234.6,106567.0,41.659,28.311,NA
"1980-06-30",2799.9,43.895,1708.9,511.5,167416.0,98953.0,72.397,7.3,35.1,12.67,13.36,10.48,22.198,237.51,106767.0,42.589,29.04,NA
"1980-09-30",2860.0,44.903,1767.7,528.9,168111.0,98899.0,72.191,7.7,35.0,9.82,13.17,10.95,22.642,241.97,107121.0,43.534,29.757,NA
"1980-12-31",2993.5,46.165,1835.4,560.6,168694.0,99499.0,72.819,7.4,35.3,15.85,14.67,12.42,23.56,249.69,107442.0,44.592,30.587,NA
"1981-03-31",3131.8,47.358,1890.7,580.6,169279.0,100239.0,73.15,7.4,35.3,16.6,15.25,12.96,24.311,255.46,108274.0,45.582,31.388,NA
"1981-06-30",3167.3,48.197,1921.9,598.1,169837.0,100801.0,73.498,7.4,35.3,17.79,15.77,13.75,24.742,260.03,108848.0,46.437,31.934,NA
"1981-09-30",3261.2,49.096,1961.2,608.3,170413.0,100482.0,73.744,7.4,35.1,17.59,16.48,14.85,25.27,264.2,108525.0,47.287,32.626,NA
"1981-12-31",3283.5,49.98,1976.2,618.6,170990.0,100077.0,73.367,8.2,35.0,13.59,16.68,14.09,25.565,267.07,109057.0,48.122,33.134,NA
"1982-03-31",3273.8,50.652,2014.4,609.8,171497.0,99709.0,72.795,8.8,34.7,14.21,17.03,14.29,25.801,268.46,109374.0,48.818,33.988,NA
"1982-06-30",3331.3,51.278,2041.1,597.8,172020.0,99745.0,72.64,9.4,34.8,14.51,16.78,13.93,26.128,272.02,110117.0,49.473,34.285,NA
"1982-09-30",3367.1,52.001,2089.2,587.2,172522.0,99543.0,72.12,9.9,34.8,11.01,16.25,13.12,26.345,275.47,110526.0,50.264,34.817,NA
"1982-12-31",3407.8,52.566,2150.9,589.1,173046.0,99120.0,71.511,10.7,34.6,9.28,14.39,10.67,26.478,276.61,110959.0,50.969,35.311,NA
"1983-03-31",3480.3,53.013,2190.6,600.6,173505.0,99143.0,71.698,10.4,34.7,8.66,13.83,10.56,26.928,280.34,110639.0,51.663,35.703,NA
"1983-06-30",3583.8,53.371,2254.5,621.4,173957.0,99945.0,72.37,10.1,34.9,8.8,13.25,10.54,27.502,284.63,111168.0,52.064,36.06,NA
"1983-09-30",3692.3,53.929,2324.3,656.5,174449.0,101611.0,73.294,9.4,34.9,9.46,13.53,11.63,28.198,287.5,112095.0,52.857,36.259,NA
"1983-12-31",3796.1,54.32,2376.7,694.6,174950.0,102588.0,74.625,8.5,35.1,9.43,13.61,11.69,29.036,292.31,112160.0,53.282,36.651,NA
"1984-03-31",3912.8,54.885,2422.8,717.9,175679.0,103664.0,75.805,7.9,35.2,9.69,13.74,11.94,29.965,294.93,112512.0,53.817,37.113,NA
"1984-06-30",4015.0,55.37,2481.2,749.6,176125.0,105040.0,76.677,7.4,35.1,10.55,14.7,13.2,30.659,297.11,113521.0,54.448,37.474,NA
"1984-09-30",4087.4,55.827,2519.7,767.5,176595.0,105363.0,77.297,7.4,35.1,11.39,14.71,12.87,31.236,299.24,113837.0,54.961,38.004,NA
"1984-12-31",4147.6,56.174,2568.9,783.8,177132.0,105944.0,77.878,7.3,35.0,9.26,13.61,11.74,31.687,300.19,114257.0,55.356,38.301,NA
"1985-03-31",4237.0,56.839,2643.9,793.6,177522.0,106615.0,78.461,7.2,34.9,8.48,13.39,11.58,32.363,301.25,114976.0,56.122,38.8,NA
"1985-06-30",4302.3,57.161,2691.2,805.4,177946.0,106791.0,78.905,7.3,34.9,7.92,13.02,10.81,32.88,303.98,115177.0,56.63,39.167,NA
"1985-09-30",4394.6,57.528,2764.7,805.9,178413.0,107186.0,79.284,7.2,34.8,7.9,12.47,10.34,33.463,305.2,115505.0,57.22,39.752,NA
"1985-12-31",4453.1,57.837,2790.9,826.4,178941.0,108023.0,79.809,7.0,34.8,8.1,11.98,9.76,34.262,307.46,116211.0,57.622,40.511,NA
"1986-03-31",4516.3,58.118,2834.7,833.1,179825.0,108735.0,79.876,7.0,34.9,7.83,11.02,8.56,34.718,309.38,116928.0,58.248,41.108,NA
"1986-06-30",4555.2,58.334,2863.0,839.6,180321.0,109206.0,80.133,7.2,34.7,6.92,10.27,7.6,35.013,309.13,117643.0,58.634,41.554,NA
"1986-09-30",4619.6,58.606,2929.7,842.8,180836.0,109970.0,80.765,7.0,34.6,6.21,10.18,7.31,35.625,309.39,118225.0,59.023,42.068,NA
"1986-12-31",4669.4,58.96,2966.1,854.8,181365.0,110492.0,81.272,6.8,34.6,6.27,10.09,7.26,36.37,311.36,118587.0,59.495,42.625,NA
"1987-03-31",4736.2,59.306,2998.3,843.2,182001.0,111206.0,81.842,6.6,34.8,6.22,9.66,7.19,36.992,314.52,119079.0,59.866,42.84,NA
"1987-06-30",4821.5,59.694,3068.8,858.1,182527.0,112158.0,82.424,6.3,34.7,6.65,10.36,8.34,37.471,316.08,119663.0,60.437,43.149,NA
"1987-09-30",4900.5,60.135,3133.5,875.5,183016.0,112867.0,83.036,6.0,34.8,6.84,10.91,8.88,38.127,318.58,120077.0,60.972,43.599,NA
"1987-12-31",5022.7,60.605,3167.6,883.4,183467.0,113527.0,83.737,5.8,34.7,6.92,11.38,9.12,38.986,321.52,120593.0,61.601,44.126,NA
"1988-03-31",5090.6,61.075,3249.0,891.6,183967.0,114093.0,84.318,5.7,34.6,6.67,10.75,8.42,39.705,321.66,121013.0,62.186,44.9,NA
"1988-06-30",5207.7,61.681,3309.0,914.9,184389.0,114623.0,85.296,5.5,34.6,7.15,10.98,8.91,40.746,325.13,121265.0,62.94,45.428,NA
"1988-09-30",5299.5,62.426,3378.3,923.8,184840.0,115233.0,85.669,5.5,34.6,7.98,11.07,9.1,41.349,327.46,121917.0,63.665,45.973,NA
"1988-12-31",5412.7,62.961,3451.2,943.6,185253.0,115947.0,86.301,5.3,34.6,8.47,10.51,8.96,42.112,331.47,122488.0,64.368,46.309,NA
"1989-03-31",5527.4,63.602,3506.1,957.2,185773.0,116835.0,87.007,5.2,34.6,9.45,10.64,9.21,42.686,334.49,123251.0,65.048,46.482,NA
"1989-06-30",5628.4,64.271,3569.5,964.7,186178.0,117205.0,87.267,5.2,34.5,9.73,10.37,8.77,43.015,336.05,123678.0,65.628,46.654,NA
"1989-09-30",5711.6,64.744,3625.5,986.7,186602.0,117494.0,87.322,5.2,34.5,9.08,9.89,8.11,43.494,339.15,124026.0,66.101,47.067,NA
"1989-12-31",5763.4,65.174,3670.1,979.4,187018.0,117774.0,87.669,5.4,34.4,8.61,9.81,7.91,44.108,342.49,124448.0,66.7,47.725,NA
"1990-03-31",5890.8,65.901,3754.5,996.9,188520.0,119114.0,88.148,5.3,34.4,8.25,10.1,8.42,45.122,346.63,125781.0,67.451,48.706,NA
"1990-06-30",5974.7,66.58,3800.2,981.1,188916.0,118995.0,88.168,5.3,34.3,8.24,10.31,8.68,45.806,348.83,125705.0,68.197,49.719,NA
"1990-09-30",6029.5,67.18,3863.4,978.8,189353.0,118712.0,87.947,5.7,34.2,8.16,10.42,8.7,46.158,350.44,125871.0,68.875,50.422,NA
"1990-12-31",6023.3,67.702,3884.4,958.9,189866.0,118361.0,87.573,6.1,34.2,7.74,10.6,8.4,46.302,352.71,126069.0,69.446,50.837,NA
"1991-03-31",6054.9,68.373,3890.2,940.1,190272.0,117782.0,86.942,6.6,34.1,6.43,10.2,8.02,46.169,354.07,126071.0,70.036,51.227,NA
"1991-06-30",6143.6,68.832,3943.7,944.6,190656.0,117729.0,86.542,6.8,34.0,5.86,9.92,8.13,46.743,356.9,126352.0,70.564,52.184,NA
"1991-09-30",6218.4,69.328,3989.7,946.6,191121.0,117660.0,86.324,6.9,34.1,5.65,9.68,7.94,47.231,360.1,126318.0,71.196,52.789,NA
"1991-12-31",6279.3,69.694,4017.1,947.6,191651.0,117679.0,86.211,7.1,34.1,4.82,9.4,7.35,47.756,362.27,126669.0,71.749,53.441,NA
"1992-03-31",6380.8,70.014,4117.7,956.5,192075.0,117958.0,85.763,7.4,34.1,4.02,9.2,7.3,48.7,363.96,127357.0,72.288,54.779,NA
"1992-06-30",6492.3,70.457,4173.4,989.9,192507.0,118407.0,85.885,7.6,34.3,3.77,9.13,7.38,49.336,368.14,128140.0,72.797,55.253,NA
"1992-09-30",6586.5,70.785,4245.4,1003.7,193024.0,118753.0,86.084,7.6,34.2,3.26,8.7,6.62,49.998,370.06,128559.0,73.228,55.883,NA
"1992-12-31",6697.6,71.275,4326.2,1036.7,193616.0,118834.0,86.494,7.4,34.2,3.03,8.87,6.74,50.689,371.75,128340.0,73.77,56.276,NA
"1993-03-31",6748.2,71.704,4368.5,1048.0,194106.0,119297.0,87.187,7.1,34.2,3.04,8.4,6.28,50.652,374.97,128485.0,74.277,55.75,NA
"1993-06-30",6829.6,72.136,4437.5,1070.4,194555.0,119960.0,87.896,7.1,34.3,3.0,8.14,5.99,51.641,378.13,129086.0,74.844,56.185,NA
"1993-09-30",6904.2,72.504,4506.0,1089.3,195068.0,120626.0,88.323,6.8,34.4,3.06,7.62,5.62,51.971,380.67,129428.0,75.263,56.255,NA
"1993-12-31",7032.8,72.913,4572.0,1136.4,195621.0,121152.0,89.004,6.6,34.4,2.99,7.55,5.61,52.881,383.67,129742.0,75.649,56.76,NA
"1994-03-31",7136.3,73.291,4640.8,1156.7,196085.0,121994.0,89.661,6.6,34.4,3.21,7.85,6.07,52.876,386.17,130555.0,75.988,56.527,NA
"1994-06-30",7269.8,73.652,4702.9,1183.7,196522.0,122596.0,90.548,6.2,34.5,3.94,8.6,7.08,54.198,389.51,130654.0,76.498,56.976,NA
"1994-09-30",7352.3,74.021,4773.1,1198.4,197050.0,123245.0,91.6,6.0,34.5,4.49,8.84,7.33,54.81,392.41,131116.0,76.922,56.925,NA
"1994-12-31",7476.7,74.44,4847.2,1232.0,197601.0,124450.0,92.118,5.6,34.5,5.17,9.21,7.84,55.448,394.91,131862.0,77.313,57.259,NA
"1995-03-31",7545.3,74.89,4883.4,1266.1,197882.0,124849.0,92.928,5.5,34.4,5.8,8.88,7.48,56.029,396.29,132087.0,77.709,57.459,NA
"1995-06-30",7604.9,75.226,4955.0,1270.1,198296.0,124629.0,93.318,5.7,34.3,6.02,8.23,6.62,56.397,397.38,132130.0,78.155,57.842,NA
"1995-09-30",7706.5,75.548,5020.5,1291.9,198807.0,124934.0,93.886,5.7,34.3,5.8,8.05,6.32,57.36,401.2,132430.0,78.52,58.173,NA
"1995-12-31",7799.5,75.908,5077.9,1317.2,199352.0,125221.0,94.151,5.6,34.3,5.72,7.64,5.89,57.981,403.66,132614.0,78.914,58.756,NA
"1996-03-31",7893.1,76.296,5153.8,1348.3,199776.0,125542.0,94.802,5.5,34.1,5.37,7.71,5.91,58.758,405.39,132916.0,79.229,59.641,NA
"1996-06-30",8061.5,76.584,5244.2,1388.0,200279.0,126280.0,95.407,5.5,34.3,5.24,8.3,6.72,59.867,411.14,133591.0,79.599,60.282,NA
"1996-09-30",8159.0,76.932,5298.3,1423.4,200850.0,127218.0,96.027,5.3,34.4,5.31,8.29,6.78,60.825,415.73,134284.0,79.962,60.762,NA
"1996-12-31",8287.1,77.257,5376.1,1445.3,201457.0,127840.0,96.946,5.3,34.4,5.28,7.92,6.34,61.863,419.91,135014.0,80.414,61.037,NA
"1997-03-31",8402.1,77.637,5456.7,1472.2,202396.0,128496.0,97.687,5.2,34.4,5.28,8.07,6.56,63.102,424.04,135582.0,80.729,61.599,NA
"1997-06-30",8551.9,77.998,5495.1,1501.5,202835.0,129340.0,98.237,5.0,34.5,5.52,8.19,6.7,63.968,428.72,136115.0,81.145,62.072,NA
"1997-09-30",8691.8,78.225,5603.5,1557.4,203367.0,129950.0,98.715,4.9,34.6,5.53,7.76,6.24,64.981,434.04,136590.0,81.328,62.673,NA
"1997-12-31",8788.3,78.493,5687.6,1567.6,203935.0,130504.0,99.327,4.7,34.6,5.51,7.44,5.91,66.462,439.46,136916.0,81.582,63.803,NA
"1998-03-31",8889.7,78.606,5745.9,1607.2,204395.0,130782.0,99.864,4.6,34.5,5.52,7.25,5.59,68.029,443.29,137148.0,81.808,64.944,NA
"1998-06-30",8994.7,78.786,5857.8,1657.4,204905.0,131259.0,100.543,4.4,34.4,5.5,7.25,5.6,69.243,446.26,137326.0,82.056,65.799,NA
"1998-09-30",9146.5,79.071,5952.8,1687.4,205483.0,131568.0,100.985,4.5,34.5,5.53,7.13,5.2,70.446,450.36,137815.0,82.342,66.833,NA
"1998-12-31",9325.7,79.278,6055.6,1734.4,206098.0,132294.0,101.484,4.4,34.5,4.86,7.25,4.67,71.694,454.27,138431.0,82.595,67.079,NA
"1999-03-31",9447.1,79.575,6129.0,1767.2,206876.0,132943.0,101.678,4.3,34.4,4.73,7.4,4.98,72.867,457.08,138900.0,82.861,68.162,NA
"1999-06-30",9557.0,79.908,6253.0,1810.7,207432.0,133215.0,102.335,4.3,34.4,4.75,7.74,5.54,73.551,461.43,139132.0,83.118,68.321,NA
"1999-09-30",9712.3,80.191,6357.2,1850.4,208044.0,133571.0,102.901,4.2,34.4,5.1,8.1,5.88,74.66,465.9,139497.0,83.403,68.896,NA
"1999-12-31",9926.1,80.585,6488.9,1865.2,208660.0,134275.0,103.348,4.1,34.4,5.3,8.24,6.14,76.476,470.13,139991.0,83.782,70.335,NA
"2000-03-31",10031.0,81.184,6642.7,1929.8,211586.0,136619.0,104.049,4.0,34.4,5.68,8.33,6.48,79.641,474.61,142386.0,84.244,72.964,NA
"2000-06-30",10278.3,81.631,6737.3,1981.3,212242.0,136947.0,104.396,3.9,34.3,6.27,8.59,6.18,79.981,478.6,142577.0,84.52,73.198,NA
"2000-09-30",10357.4,82.154,6845.2,1998.5,212919.0,136695.0,104.572,4.0,34.3,6.52,8.32,5.89,81.585,482.36,142437.0,84.906,74.674,NA
"2000-12-31",10472.3,82.591,6944.4,2007.2,213560.0,137341.0,104.502,3.9,34.2,6.47,8.21,5.57,81.7,486.41,142944.0,85.315,75.09,NA
"2001-03-31",10508.1,83.117,7020.4,1998.2,214101.0,137724.0,104.915,4.2,34.1,5.6,7.88,5.05,83.551,489.67,143808.0,85.798,76.921,NA
"2001-06-30",10638.4,83.699,7072.1,1978.6,214736.0,137088.0,104.231,4.4,34.0,4.33,8.04,5.27,82.914,493.0,143415.0,86.132,77.117,NA
"2001-09-30",10639.5,83.97,7103.4,1967.5,215422.0,136719.0,103.451,4.8,33.9,3.5,7.95,4.98,82.11,494.82,143642.0,86.378,77.206,NA
"2001-12-31",10701.3,84.233,7216.6,1923.5,216112.0,136226.0,102.507,5.5,33.8,2.13,7.92,4.77,81.886,497.2,144210.0,86.817,77.877,NA
"2002-03-31",10834.4,84.48,7251.4,1910.2,216664.0,136105.0,101.561,5.7,33.8,1.73,7.96,5.08,81.583,500.28,144339.0,87.065,78.288,NA
"2002-06-30",10934.8,84.829,7344.5,1906.5,217204.0,136360.0,101.404,5.8,33.9,1.75,8.02,5.1,82.526,505.16,144824.0,87.574,78.979,NA
"2002-09-30",11037.1,85.204,7433.1,1902.6,217868.0,136807.0,101.295,5.7,33.9,1.74,7.63,4.26,82.665,508.79,145121.0,88.027,79.359,NA
"2002-12-31",11103.8,85.649,7507.2,1906.7,218543.0,136652.0,101.458,5.9,33.8,1.44,7.6,4.01,82.964,512.41,145140.0,88.333,79.566,NA
"2003-03-31",11230.1,86.184,7593.5,1929.2,220109.0,137444.0,101.341,5.9,33.8,1.25,7.12,3.92,83.042,515.5,146020.0,88.548,80.057,NA
"2003-06-30",11370.7,86.463,7684.6,1970.9,220774.0,137656.0,101.061,6.1,33.7,1.25,6.47,3.62,84.275,515.77,146677.0,88.869,81.473,NA
"2003-09-30",11625.1,86.932,7845.6,2040.1,221513.0,137544.0,101.339,6.1,33.6,1.02,6.81,4.23,85.649,518.4,146487.0,89.229,82.683,NA
"2003-12-31",11816.8,87.363,7938.4,2094.4,222276.0,138273.0,101.677,5.8,33.7,1.0,6.66,4.29,87.247,520.89,146815.0,89.541,83.793,NA
"2004-03-31",11988.4,88.115,8076.8,2106.3,222356.0,138489.0,101.887,5.7,33.7,1.0,6.27,4.02,87.494,523.99,146832.0,90.026,83.667,NA
"2004-06-30",12181.4,88.856,8186.4,2183.3,222973.0,138902.0,102.476,5.6,33.7,1.01,6.66,4.6,89.253,526.84,147125.0,90.572,85.301,NA
"2004-09-30",12367.7,89.438,8312.7,2249.0,223680.0,139539.0,103.011,5.4,33.8,1.43,6.45,4.3,91.374,531.49,147557.0,90.989,86.762,NA
"2004-12-31",12562.2,90.063,8464.3,2312.7,224418.0,140029.0,103.579,5.4,33.7,1.95,6.19,4.17,92.267,534.34,148005.0,91.415,87.141,NA
"2005-03-31",12813.7,90.894,8573.1,2375.7,225038.0,140428.0,104.015,5.3,33.7,2.47,5.97,4.3,93.125,537.6,148261.0,91.998,87.798,NA
"2005-06-30",12974.1,91.549,8723.9,2438.9,225674.0,141526.0,104.433,5.1,33.7,2.94,5.97,4.16,94.227,541.2,149142.0,92.489,88.27,NA
"2005-09-30",13205.4,92.399,8888.0,2509.3,226422.0,142287.0,104.813,5.0,33.7,3.46,5.98,4.21,95.595,545.47,149722.0,92.873,89.358,NA
"2005-12-31",13381.6,93.098,8991.4,2546.2,227196.0,142600.0,105.276,5.0,33.8,3.98,6.34,4.49,96.822,551.07,150032.0,93.481,89.93,NA
"2006-03-31",13648.9,93.816,9134.3,2625.2,227764.0,143449.0,106.192,4.7,33.8,4.45,6.31,4.57,99.773,557.57,150556.0,93.957,91.84,NA
"2006-06-30",13799.8,94.589,9253.7,2619.7,228433.0,144068.0,106.532,4.6,33.9,4.91,6.74,5.07,100.077,564.56,151101.0,94.59,91.865,NA
"2006-09-30",13908.5,95.25,9374.3,2607.3,229166.0,144547.0,106.818,4.6,33.9,5.25,6.59,4.9,100.777,569.86,151585.0,95.098,91.978,NA
"2006-12-31",14066.4,95.591,9453.7,2602.5,229896.0,145606.0,107.241,4.4,33.9,5.24,6.28,4.63,102.889,575.4,152393.0,95.498,93.616,NA
"2007-03-31",14233.2,96.659,9591.8,2614.0,230839.0,146135.0,107.524,4.5,33.8,5.25,6.3,4.68,105.441,579.9,153059.0,96.177,95.917,NA
"2007-06-30",14422.3,97.216,9700.9,2624.8,231482.0,145851.0,107.835,4.5,33.9,5.25,6.49,4.85,105.792,587.36,152715.0,96.516,95.892,NA
"2007-09-30",14569.7,97.538,9799.2,2609.6,232210.0,145944.0,107.651,4.7,33.8,5.07,6.63,4.73,105.81,591.95,153072.0,96.99,96.198,NA
"2007-12-31",14685.3,97.945,9910.0,2588.7,232937.0,146271.0,107.65,4.8,33.8,4.5,6.51,4.26,106.709,596.23,153645.0,97.645,97.247,NA
"2008-03-31",14668.4,98.506,9974.4,2547.2,232807.0,146207.0,107.368,5.0,33.7,3.18,6.75,3.66,107.44,600.68,153875.0,98.208,98.203,NA
"2008-06-30",14813.0,98.941,10095.8,2517.2,233410.0,145926.0,106.889,5.3,33.7,2.08,6.99,3.89,107.007,605.93,154128.0,98.703,98.273,NA
"2008-09-30",14843.0,99.619,10124.9,2454.7,234110.0,145270.0,106.018,6.0,33.6,1.94,7.21,3.86,106.767,611.01,154560.0,99.149,99.117,NA
"2008-12-31",14549.9,99.805,9859.6,2308.3,234825.0,144090.0,103.98,6.9,33.4,0.51,8.84,3.25,105.239,612.0,154723.0,99.248,100.2,NA
"2009-03-31",14383.9,100.045,9770.2,2117.8,234913.0,141500.0,101.931,8.3,33.2,0.18,8.21,2.74,99.935,612.65,154294.0,99.366,97.73,NA
"2009-06-30",14340.4,99.889,9769.7,2013.8,235459.0,140304.0,100.132,9.3,33.1,0.18,7.98,3.31,100.15,612.94,154657.0,99.85,100.113,NA
"2009-09-30",14384.1,99.882,9890.8,1992.3,236093.0,139404.0,99.215,9.6,33.1,0.15,6.66,3.52,99.627,617.54,154212.0,100.131,100.815,NA
"2009-12-31",14566.5,100.183,9957.1,1978.8,236739.0,138368.0,98.721,9.9,33.1,0.12,6.33,3.46,100.295,622.91,153591.0,100.653,101.423,NA
"2010-03-31",14681.1,100.517,10044.5,1977.5,236996.0,138590.0,98.476,9.8,33.2,0.13,6.29,3.72,99.63,628.33,153711.0,100.91,100.72,NA
"2010-06-30",14888.6,100.981,10137.7,2042.6,237506.0,139226.0,98.7,9.6,33.4,0.19,6.18,3.49,101.588,634.07,154110.0,101.177,101.9,NA
"2010-09-30",15057.7,101.444,10233.4,2043.0,238104.0,139338.0,98.763,9.5,33.5,0.19,5.78,2.79,102.568,639.33,153917.0,101.425,102.369,NA
"2010-12-31",15230.2,101.963,10393.2,2094.1,238711.0,139155.0,99.159,9.5,33.5,0.19,5.91,2.86,103.568,644.74,153803.0,101.63,102.819,NA
"2011-03-31",15238.4,102.409,10523.5,2097.2,238852.0,139439.0,99.665,9.1,33.5,0.15,6.09,3.46,105.648,646.13,153306.0,101.974,104.652,NA
"2011-06-30",15460.9,103.17,10651.4,2149.6,239316.0,139547.0,100.081,9.1,33.6,0.09,5.85,3.21,105.864,651.84,153469.0,102.593,104.118,NA
"2011-09-30",15587.1,103.77,10754.4,2243.1,239871.0,139872.0,100.464,9.0,33.6,0.08,5.46,2.43,107.019,655.85,153702.0,103.11,104.739,NA
"2011-12-31",15785.3,103.913,10827.9,2302.5,240431.0,140669.0,101.018,8.6,33.7,0.07,5.25,2.05,106.385,659.4,153995.0,103.522,103.422,NA
"2012-03-31",15973.9,104.466,10956.2,2395.3,242436.0,141871.0,101.646,8.3,33.7,0.1,5.2,2.04,109.724,661.29,154650.0,104.101,105.823,NA
"2012-06-30",16121.9,104.93,11008.4,2445.5,242968.0,142195.0,101.996,8.2,33.7,0.15,5.09,1.82,110.445,663.34,154859.0,104.589,106.454,NA
"2012-09-30",16227.9,105.547,11073.6,2455.9,243564.0,142500.0,102.45,8.0,33.6,0.14,4.87,1.64,111.024,664.16,154904.0,104.912,106.524,NA
"2012-12-31",16297.3,105.937,11164.3,2502.9,244169.0,143303.0,102.952,7.8,33.7,0.16,4.57,1.71,114.563,668.51,155450.0,105.363,109.256,NA
"2013-03-31",16440.7,106.333,11271.8,2541.8,244829.0,143377.0,103.43,7.7,33.7,0.14,4.81,1.95,112.33,674.11,155416.0,105.819,106.648,NA
"2013-06-30",16526.8,106.625,11322.8,2571.7,245363.0,143860.0,103.94,7.5,33.7,0.12,4.84,2.0,114.365,676.47,155575.0,106.14,108.289,NA
"2013-09-30",16727.5,107.154,11417.7,2606.0,245961.0,144287.0,104.446,7.2,33.6,0.09,5.4,2.71,115.217,678.05,155570.0,106.508,108.528,NA
"2013-12-31",16957.6,107.63,11556.9,2653.5,246564.0,144205.0,104.891,7.0,33.6,0.09,5.36,2.75,116.341,682.87,154989.0,106.955,109.14,NA
"2014-03-31",16984.3,108.025,11640.3,2708.4,247086.0,145434.0,105.409,6.6,33.6,0.07,5.12,2.76,118.598,686.78,155785.0,107.335,110.613,NA
"2014-06-30",17270.0,108.621,11813.0,2752.7,247625.0,145946.0,105.947,6.2,33.7,0.09,4.82,2.62,119.102,692.65,155583.0,107.86,110.4,NA
"2014-09-30",17522.1,109.049,11949.1,2821.8,248233.0,146486.0,106.47,6.1,33.7,0.09,4.74,2.5,120.741,696.36,155970.0,108.232,111.276,NA
